store_id,item_id,wm_yr_wk,sell_price
CA_1,HOBBIES_1_001,11325,9.58
CA_1,HOBBIES_1_001,11326,9.58
CA_1,HOBBIES_1_001,11327,8.26
CA_1,HOBBIES_1_001,11328,8.26
CA_1,HOBBIES_1_001,11329,8.26
CA_1,HOBBIES_1_001,11330,8.26
CA_1,HOBBIES_1_001,11331,8.26
CA_1,HOBBIES_1_001,11332,8.26
CA_1,HOBBIES_1_001,11333,8.26
CA_1,HOBBIES_1_001,11334,8.26
CA_1,HOBBIES_1_001,11335,8.26
CA_1,HOBBIES_1_001,11336,8.26
CA_1,HOBBIES_1_001,11337,8.26
CA_1,HOBBIES_1_001,11338,8.26
CA_1,HOBBIES_1_001,11339,8.26
CA_1,HOBBIES_1_001,11340,8.26
CA_1,HOBBIES_1_001,11341,8.26
CA_1,HOBBIES_1_001,11342,8.26
CA_1,HOBBIES_1_001,11343,8.26
CA_1,HOBBIES_1_001,11344,8.26
CA_1,HOBBIES_1_001,11345,8.26
CA_1,HOBBIES_1_001,11346,8.26
CA_1,HOBBIES_1_001,11347,8.26
CA_1,HOBBIES_1_001,11348,8.26
CA_1,HOBBIES_1_001,11349,8.26
CA_1,HOBBIES_1_001,11350,8.26
CA_1,HOBBIES_1_001,11351,8.26
CA_1,HOBBIES_1_001,11352,8.26
CA_1,HOBBIES_1_001,11353,8.26
CA_1,HOBBIES_1_001,11401,8.26
CA_1,HOBBIES_1_001,11402,8.26
CA_1,HOBBIES_1_001,11403,8.26
CA_1,HOBBIES_1_001,11404,8.26
CA_1,HOBBIES_1_001,11405,8.26
CA_1,HOBBIES_1_001,11406,8.26
CA_1,HOBBIES_1_001,11407,8.26
CA_1,HOBBIES_1_001,11408,8.26
CA_1,HOBBIES_1_001,11409,8.26
CA_1,HOBBIES_1_001,11410,8.26
CA_1,HOBBIES_1_001,11411,8.26
CA_1,HOBBIES_1_001,11412,8.26
CA_1,HOBBIES_1_001,11413,8.26
CA_1,HOBBIES_1_001,11414,8.26
CA_1,HOBBIES_1_001,11415,8.26
CA_1,HOBBIES_1_001,11416,8.26
CA_1,HOBBIES_1_001,11417,8.26
CA_1,HOBBIES_1_001,11418,8.26
CA_1,HOBBIES_1_001,11419,8.26
CA_1,HOBBIES_1_001,11420,8.26
CA_1,HOBBIES_1_001,11421,8.26
CA_1,HOBBIES_1_001,11422,8.26
CA_1,HOBBIES_1_001,11423,8.26
CA_1,HOBBIES_1_001,11424,8.26
CA_1,HOBBIES_1_001,11425,8.26
CA_1,HOBBIES_1_001,11426,8.26
CA_1,HOBBIES_1_001,11427,8.26
CA_1,HOBBIES_1_001,11428,8.26
CA_1,HOBBIES_1_001,11429,8.26
CA_1,HOBBIES_1_001,11430,8.26
CA_1,HOBBIES_1_001,11431,8.26
CA_1,HOBBIES_1_001,11432,8.26
CA_1,HOBBIES_1_001,11433,8.26
CA_1,HOBBIES_1_001,11434,8.26
CA_1,HOBBIES_1_001,11435,8.26
CA_1,HOBBIES_1_001,11436,8.26
CA_1,HOBBIES_1_001,11437,8.26
CA_1,HOBBIES_1_001,11438,8.26
CA_1,HOBBIES_1_001,11439,8.26
CA_1,HOBBIES_1_001,11440,8.26
CA_1,HOBBIES_1_001,11441,8.26
CA_1,HOBBIES_1_001,11442,8.26
CA_1,HOBBIES_1_001,11443,8.26
CA_1,HOBBIES_1_001,11444,8.26
CA_1,HOBBIES_1_001,11445,8.26
CA_1,HOBBIES_1_001,11446,8.26
CA_1,HOBBIES_1_001,11447,8.26
CA_1,HOBBIES_1_001,11448,8.26
CA_1,HOBBIES_1_001,11449,8.26
CA_1,HOBBIES_1_001,11450,8.26
CA_1,HOBBIES_1_001,11451,8.26
CA_1,HOBBIES_1_001,11452,8.26
CA_1,HOBBIES_1_001,11501,8.26
CA_1,HOBBIES_1_001,11502,8.26
CA_1,HOBBIES_1_001,11503,8.26
CA_1,HOBBIES_1_001,11504,8.26
CA_1,HOBBIES_1_001,11505,8.26
CA_1,HOBBIES_1_001,11506,8.26
CA_1,HOBBIES_1_001,11507,8.26
CA_1,HOBBIES_1_001,11508,8.26
CA_1,HOBBIES_1_001,11509,8.26
CA_1,HOBBIES_1_001,11510,8.26
CA_1,HOBBIES_1_001,11511,8.26
CA_1,HOBBIES_1_001,11512,8.26
CA_1,HOBBIES_1_001,11513,8.26
CA_1,HOBBIES_1_001,11514,8.26
CA_1,HOBBIES_1_001,11515,8.26
CA_1,HOBBIES_1_001,11516,8.26
CA_1,HOBBIES_1_001,11517,8.26
CA_1,HOBBIES_1_001,11518,8.26
CA_1,HOBBIES_1_001,11519,8.26
CA_1,HOBBIES_1_001,11520,8.26
CA_1,HOBBIES_1_001,11521,8.26
CA_1,HOBBIES_1_001,11522,8.26
CA_1,HOBBIES_1_001,11523,8.26
CA_1,HOBBIES_1_001,11524,8.26
CA_1,HOBBIES_1_001,11525,8.26
CA_1,HOBBIES_1_001,11526,8.26
CA_1,HOBBIES_1_001,11527,8.26
CA_1,HOBBIES_1_001,11528,8.26
CA_1,HOBBIES_1_001,11529,8.26
CA_1,HOBBIES_1_001,11530,8.26
CA_1,HOBBIES_1_001,11531,8.26
CA_1,HOBBIES_1_001,11532,8.26
CA_1,HOBBIES_1_001,11533,8.26
CA_1,HOBBIES_1_001,11534,8.26
CA_1,HOBBIES_1_001,11535,8.26
CA_1,HOBBIES_1_001,11536,8.26
CA_1,HOBBIES_1_001,11537,8.26
CA_1,HOBBIES_1_001,11538,8.26
CA_1,HOBBIES_1_001,11539,8.26
CA_1,HOBBIES_1_001,11540,8.26
CA_1,HOBBIES_1_001,11541,8.26
CA_1,HOBBIES_1_001,11542,8.26
CA_1,HOBBIES_1_001,11543,8.26
CA_1,HOBBIES_1_001,11544,8.26
CA_1,HOBBIES_1_001,11545,8.26
CA_1,HOBBIES_1_001,11546,8.26
CA_1,HOBBIES_1_001,11547,8.26
CA_1,HOBBIES_1_001,11548,8.26
CA_1,HOBBIES_1_001,11549,8.26
CA_1,HOBBIES_1_001,11550,8.26
CA_1,HOBBIES_1_001,11551,8.26
CA_1,HOBBIES_1_001,11552,8.26
CA_1,HOBBIES_1_001,11601,8.26
CA_1,HOBBIES_1_001,11602,8.26
CA_1,HOBBIES_1_001,11603,8.26
CA_1,HOBBIES_1_001,11604,8.26
CA_1,HOBBIES_1_001,11605,8.26
CA_1,HOBBIES_1_001,11606,8.26
CA_1,HOBBIES_1_001,11607,8.26
CA_1,HOBBIES_1_001,11608,8.26
CA_1,HOBBIES_1_001,11609,8.26
CA_1,HOBBIES_1_001,11610,8.26
CA_1,HOBBIES_1_001,11611,8.38
CA_1,HOBBIES_1_001,11612,8.38
CA_1,HOBBIES_1_001,11613,8.38
CA_1,HOBBIES_1_001,11614,8.38
CA_1,HOBBIES_1_001,11615,8.38
CA_1,HOBBIES_1_001,11616,8.38
CA_1,HOBBIES_1_001,11617,8.38
CA_1,HOBBIES_1_001,11618,8.38
CA_1,HOBBIES_1_001,11619,8.38
CA_1,HOBBIES_1_001,11620,8.38
CA_1,HOBBIES_1_001,11621,8.38
CA_1,HOBBIES_1_002,11121,3.97
CA_1,HOBBIES_1_002,11122,3.97
CA_1,HOBBIES_1_002,11123,3.97
CA_1,HOBBIES_1_002,11124,3.97
CA_1,HOBBIES_1_002,11125,3.97
CA_1,HOBBIES_1_002,11126,3.97
CA_1,HOBBIES_1_002,11127,3.97
CA_1,HOBBIES_1_002,11128,3.97
CA_1,HOBBIES_1_002,11129,3.97
CA_1,HOBBIES_1_002,11130,3.97
CA_1,HOBBIES_1_002,11131,3.97
CA_1,HOBBIES_1_002,11132,3.97
CA_1,HOBBIES_1_002,11133,3.97
CA_1,HOBBIES_1_002,11134,3.97
CA_1,HOBBIES_1_002,11135,3.97
CA_1,HOBBIES_1_002,11136,3.97
CA_1,HOBBIES_1_002,11137,3.97
CA_1,HOBBIES_1_002,11138,3.97
CA_1,HOBBIES_1_002,11139,3.97
CA_1,HOBBIES_1_002,11140,3.97
CA_1,HOBBIES_1_002,11141,3.97
CA_1,HOBBIES_1_002,11142,3.97
CA_1,HOBBIES_1_002,11143,3.97
CA_1,HOBBIES_1_002,11144,3.97
CA_1,HOBBIES_1_002,11145,3.97
CA_1,HOBBIES_1_002,11146,3.97
CA_1,HOBBIES_1_002,11147,3.97
CA_1,HOBBIES_1_002,11148,3.97
CA_1,HOBBIES_1_002,11149,3.97
CA_1,HOBBIES_1_002,11150,3.97
CA_1,HOBBIES_1_002,11151,3.97
CA_1,HOBBIES_1_002,11152,3.97
CA_1,HOBBIES_1_002,11201,3.97
CA_1,HOBBIES_1_002,11202,3.97
CA_1,HOBBIES_1_002,11203,3.97
CA_1,HOBBIES_1_002,11204,3.97
CA_1,HOBBIES_1_002,11205,3.97
CA_1,HOBBIES_1_002,11206,3.97
CA_1,HOBBIES_1_002,11207,3.97
CA_1,HOBBIES_1_002,11208,3.97
CA_1,HOBBIES_1_002,11209,3.97
CA_1,HOBBIES_1_002,11210,3.97
CA_1,HOBBIES_1_002,11211,3.97
CA_1,HOBBIES_1_002,11212,3.97
CA_1,HOBBIES_1_002,11213,3.97
CA_1,HOBBIES_1_002,11214,3.97
CA_1,HOBBIES_1_002,11215,3.97
CA_1,HOBBIES_1_002,11216,3.97
CA_1,HOBBIES_1_002,11217,3.97
CA_1,HOBBIES_1_002,11218,3.97
CA_1,HOBBIES_1_002,11219,3.97
CA_1,HOBBIES_1_002,11220,3.97
CA_1,HOBBIES_1_002,11221,3.97
CA_1,HOBBIES_1_002,11222,3.97
CA_1,HOBBIES_1_002,11223,3.97
CA_1,HOBBIES_1_002,11224,3.97
CA_1,HOBBIES_1_002,11225,3.97
CA_1,HOBBIES_1_002,11226,3.97
CA_1,HOBBIES_1_002,11227,3.97
CA_1,HOBBIES_1_002,11228,3.97
CA_1,HOBBIES_1_002,11229,3.97
CA_1,HOBBIES_1_002,11230,3.97
CA_1,HOBBIES_1_002,11231,3.97
CA_1,HOBBIES_1_002,11232,3.97
CA_1,HOBBIES_1_002,11233,3.97
CA_1,HOBBIES_1_002,11234,3.97
CA_1,HOBBIES_1_002,11235,3.97
CA_1,HOBBIES_1_002,11236,3.97
CA_1,HOBBIES_1_002,11237,3.97
CA_1,HOBBIES_1_002,11238,3.97
CA_1,HOBBIES_1_002,11239,3.97
CA_1,HOBBIES_1_002,11240,3.97
CA_1,HOBBIES_1_002,11241,3.97
CA_1,HOBBIES_1_002,11242,3.97
CA_1,HOBBIES_1_002,11243,3.97
CA_1,HOBBIES_1_002,11244,3.97
CA_1,HOBBIES_1_002,11245,3.97
CA_1,HOBBIES_1_002,11246,3.97
CA_1,HOBBIES_1_002,11247,3.97
CA_1,HOBBIES_1_002,11248,3.97
CA_1,HOBBIES_1_002,11249,3.97
CA_1,HOBBIES_1_002,11250,3.97
CA_1,HOBBIES_1_002,11251,3.97
CA_1,HOBBIES_1_002,11252,3.97
CA_1,HOBBIES_1_002,11301,3.97
CA_1,HOBBIES_1_002,11302,3.97
CA_1,HOBBIES_1_002,11303,3.97
CA_1,HOBBIES_1_002,11304,3.97
CA_1,HOBBIES_1_002,11305,3.97
CA_1,HOBBIES_1_002,11306,3.97
CA_1,HOBBIES_1_002,11307,3.97
CA_1,HOBBIES_1_002,11308,3.97
CA_1,HOBBIES_1_002,11309,3.97
CA_1,HOBBIES_1_002,11310,3.97
CA_1,HOBBIES_1_002,11311,3.97
CA_1,HOBBIES_1_002,11312,3.97
CA_1,HOBBIES_1_002,11313,3.97
CA_1,HOBBIES_1_002,11314,3.97
CA_1,HOBBIES_1_002,11315,3.97
CA_1,HOBBIES_1_002,11316,3.97
CA_1,HOBBIES_1_002,11317,3.97
CA_1,HOBBIES_1_002,11318,3.97
CA_1,HOBBIES_1_002,11319,3.97
CA_1,HOBBIES_1_002,11320,3.97
CA_1,HOBBIES_1_002,11321,3.97
CA_1,HOBBIES_1_002,11322,3.97
CA_1,HOBBIES_1_002,11323,3.97
CA_1,HOBBIES_1_002,11324,3.97
CA_1,HOBBIES_1_002,11325,3.97
CA_1,HOBBIES_1_002,11326,3.97
CA_1,HOBBIES_1_002,11327,3.97
CA_1,HOBBIES_1_002,11328,3.97
CA_1,HOBBIES_1_002,11329,3.97
CA_1,HOBBIES_1_002,11330,3.97
CA_1,HOBBIES_1_002,11331,3.97
CA_1,HOBBIES_1_002,11332,3.97
CA_1,HOBBIES_1_002,11333,3.97
CA_1,HOBBIES_1_002,11334,3.97
CA_1,HOBBIES_1_002,11335,3.97
CA_1,HOBBIES_1_002,11336,3.97
CA_1,HOBBIES_1_002,11337,3.97
CA_1,HOBBIES_1_002,11338,3.97
CA_1,HOBBIES_1_002,11339,3.97
CA_1,HOBBIES_1_002,11340,3.97
CA_1,HOBBIES_1_002,11341,3.97
CA_1,HOBBIES_1_002,11342,3.97
CA_1,HOBBIES_1_002,11343,3.97
CA_1,HOBBIES_1_002,11344,3.97
CA_1,HOBBIES_1_002,11345,3.97
CA_1,HOBBIES_1_002,11346,3.97
CA_1,HOBBIES_1_002,11347,3.97
CA_1,HOBBIES_1_002,11348,3.97
CA_1,HOBBIES_1_002,11349,3.97
CA_1,HOBBIES_1_002,11350,3.97
CA_1,HOBBIES_1_002,11351,3.97
CA_1,HOBBIES_1_002,11352,3.97
CA_1,HOBBIES_1_002,11353,3.97
CA_1,HOBBIES_1_002,11401,3.97
CA_1,HOBBIES_1_002,11402,3.97
CA_1,HOBBIES_1_002,11403,3.97
CA_1,HOBBIES_1_002,11404,3.97
CA_1,HOBBIES_1_002,11405,3.97
CA_1,HOBBIES_1_002,11406,3.97
CA_1,HOBBIES_1_002,11407,3.97
CA_1,HOBBIES_1_002,11408,3.97
CA_1,HOBBIES_1_002,11409,3.97
CA_1,HOBBIES_1_002,11410,3.97
CA_1,HOBBIES_1_002,11411,3.97
CA_1,HOBBIES_1_002,11412,3.97
CA_1,HOBBIES_1_002,11413,3.97
CA_1,HOBBIES_1_002,11414,3.97
CA_1,HOBBIES_1_002,11415,3.97
CA_1,HOBBIES_1_002,11416,3.97
CA_1,HOBBIES_1_002,11417,3.97
CA_1,HOBBIES_1_002,11418,3.97
CA_1,HOBBIES_1_002,11419,3.97
CA_1,HOBBIES_1_002,11420,3.97
CA_1,HOBBIES_1_002,11421,3.97
CA_1,HOBBIES_1_002,11422,3.97
CA_1,HOBBIES_1_002,11423,3.97
CA_1,HOBBIES_1_002,11424,3.97
CA_1,HOBBIES_1_002,11425,3.97
CA_1,HOBBIES_1_002,11426,3.97
CA_1,HOBBIES_1_002,11427,3.97
CA_1,HOBBIES_1_002,11428,3.97
CA_1,HOBBIES_1_002,11429,3.97
CA_1,HOBBIES_1_002,11430,3.97
CA_1,HOBBIES_1_002,11431,3.97
CA_1,HOBBIES_1_002,11432,3.97
CA_1,HOBBIES_1_002,11433,3.97
CA_1,HOBBIES_1_002,11434,3.97
CA_1,HOBBIES_1_002,11435,3.97
CA_1,HOBBIES_1_002,11436,3.97
CA_1,HOBBIES_1_002,11437,3.97
CA_1,HOBBIES_1_002,11438,3.97
CA_1,HOBBIES_1_002,11439,3.97
CA_1,HOBBIES_1_002,11440,3.97
CA_1,HOBBIES_1_002,11441,3.97
CA_1,HOBBIES_1_002,11442,3.97
CA_1,HOBBIES_1_002,11443,3.97
CA_1,HOBBIES_1_002,11444,3.97
CA_1,HOBBIES_1_002,11445,3.97
CA_1,HOBBIES_1_002,11446,3.97
CA_1,HOBBIES_1_002,11447,3.97
CA_1,HOBBIES_1_002,11448,3.97
CA_1,HOBBIES_1_002,11449,3.97
CA_1,HOBBIES_1_002,11450,3.97
CA_1,HOBBIES_1_002,11451,3.97
CA_1,HOBBIES_1_002,11452,3.97
CA_1,HOBBIES_1_002,11501,3.97
CA_1,HOBBIES_1_002,11502,3.97
CA_1,HOBBIES_1_002,11503,3.97
CA_1,HOBBIES_1_002,11504,3.97
CA_1,HOBBIES_1_002,11505,3.97
CA_1,HOBBIES_1_002,11506,3.97
CA_1,HOBBIES_1_002,11507,3.97
CA_1,HOBBIES_1_002,11508,3.97
CA_1,HOBBIES_1_002,11509,3.97
CA_1,HOBBIES_1_002,11510,3.97
CA_1,HOBBIES_1_002,11511,3.97
CA_1,HOBBIES_1_002,11512,3.97
CA_1,HOBBIES_1_002,11513,3.97
CA_1,HOBBIES_1_002,11514,3.97
CA_1,HOBBIES_1_002,11515,3.97
CA_1,HOBBIES_1_002,11516,3.97
CA_1,HOBBIES_1_002,11517,3.97
CA_1,HOBBIES_1_002,11518,3.97
CA_1,HOBBIES_1_002,11519,3.97
CA_1,HOBBIES_1_002,11520,3.97
CA_1,HOBBIES_1_002,11521,3.97
CA_1,HOBBIES_1_002,11522,3.97
CA_1,HOBBIES_1_002,11523,3.97
CA_1,HOBBIES_1_002,11524,3.97
CA_1,HOBBIES_1_002,11525,3.97
CA_1,HOBBIES_1_002,11526,3.97
CA_1,HOBBIES_1_002,11527,3.97
CA_1,HOBBIES_1_002,11528,3.97
CA_1,HOBBIES_1_002,11529,3.97
CA_1,HOBBIES_1_002,11530,3.97
CA_1,HOBBIES_1_002,11531,3.97
CA_1,HOBBIES_1_002,11532,3.97
CA_1,HOBBIES_1_002,11533,3.97
CA_1,HOBBIES_1_002,11534,3.97
CA_1,HOBBIES_1_002,11535,3.97
CA_1,HOBBIES_1_002,11536,3.97
CA_1,HOBBIES_1_002,11537,3.97
CA_1,HOBBIES_1_002,11538,3.97
CA_1,HOBBIES_1_002,11539,3.97
CA_1,HOBBIES_1_002,11540,3.97
CA_1,HOBBIES_1_002,11541,3.97
CA_1,HOBBIES_1_002,11542,3.97
CA_1,HOBBIES_1_002,11543,3.97
CA_1,HOBBIES_1_002,11544,3.97
CA_1,HOBBIES_1_002,11545,3.97
CA_1,HOBBIES_1_002,11546,3.97
CA_1,HOBBIES_1_002,11547,3.97
CA_1,HOBBIES_1_002,11548,3.97
CA_1,HOBBIES_1_002,11549,3.97
CA_1,HOBBIES_1_002,11550,3.97
CA_1,HOBBIES_1_002,11551,3.97
CA_1,HOBBIES_1_002,11552,3.97
CA_1,HOBBIES_1_002,11601,3.97
CA_1,HOBBIES_1_002,11602,3.97
CA_1,HOBBIES_1_002,11603,3.97
CA_1,HOBBIES_1_002,11604,3.97
CA_1,HOBBIES_1_002,11605,3.97
CA_1,HOBBIES_1_002,11606,3.97
CA_1,HOBBIES_1_002,11607,3.97
CA_1,HOBBIES_1_002,11608,3.97
CA_1,HOBBIES_1_002,11609,3.97
CA_1,HOBBIES_1_002,11610,3.97
CA_1,HOBBIES_1_002,11611,3.97
CA_1,HOBBIES_1_002,11612,3.97
CA_1,HOBBIES_1_002,11613,3.97
CA_1,HOBBIES_1_002,11614,3.97
CA_1,HOBBIES_1_002,11615,3.97
CA_1,HOBBIES_1_002,11616,3.97
CA_1,HOBBIES_1_002,11617,3.97
CA_1,HOBBIES_1_002,11618,3.97
CA_1,HOBBIES_1_002,11619,3.97
CA_1,HOBBIES_1_002,11620,3.97
CA_1,HOBBIES_1_002,11621,3.97
CA_1,HOBBIES_1_003,11401,2.97
CA_1,HOBBIES_1_003,11402,2.97
CA_1,HOBBIES_1_003,11403,2.97
CA_1,HOBBIES_1_003,11404,2.97
CA_1,HOBBIES_1_003,11405,2.97
CA_1,HOBBIES_1_003,11406,2.97
CA_1,HOBBIES_1_003,11407,2.97
CA_1,HOBBIES_1_003,11408,2.97
CA_1,HOBBIES_1_003,11409,2.97
CA_1,HOBBIES_1_003,11410,2.97
CA_1,HOBBIES_1_003,11411,2.97
CA_1,HOBBIES_1_003,11412,2.97
CA_1,HOBBIES_1_003,11413,2.97
CA_1,HOBBIES_1_003,11414,2.97
CA_1,HOBBIES_1_003,11415,2.97
CA_1,HOBBIES_1_003,11416,2.97
CA_1,HOBBIES_1_003,11417,2.97
CA_1,HOBBIES_1_003,11418,2.97
CA_1,HOBBIES_1_003,11419,2.97
CA_1,HOBBIES_1_003,11420,2.97
CA_1,HOBBIES_1_003,11421,2.97
CA_1,HOBBIES_1_003,11422,2.97
CA_1,HOBBIES_1_003,11423,2.97
CA_1,HOBBIES_1_003,11424,2.97
CA_1,HOBBIES_1_003,11425,2.97
CA_1,HOBBIES_1_003,11426,2.97
CA_1,HOBBIES_1_003,11427,2.97
CA_1,HOBBIES_1_003,11428,2.97
CA_1,HOBBIES_1_003,11429,2.97
CA_1,HOBBIES_1_003,11430,2.97
CA_1,HOBBIES_1_003,11431,2.97
CA_1,HOBBIES_1_003,11432,2.97
CA_1,HOBBIES_1_003,11433,2.97
CA_1,HOBBIES_1_003,11434,2.97
CA_1,HOBBIES_1_003,11435,2.97
CA_1,HOBBIES_1_003,11436,2.97
CA_1,HOBBIES_1_003,11437,2.97
CA_1,HOBBIES_1_003,11438,2.97
CA_1,HOBBIES_1_003,11439,2.97
CA_1,HOBBIES_1_003,11440,2.97
CA_1,HOBBIES_1_003,11441,2.97
CA_1,HOBBIES_1_003,11442,2.97
CA_1,HOBBIES_1_003,11443,2.97
CA_1,HOBBIES_1_003,11444,2.97
CA_1,HOBBIES_1_003,11445,2.97
CA_1,HOBBIES_1_003,11446,2.97
CA_1,HOBBIES_1_003,11447,2.97
CA_1,HOBBIES_1_003,11448,2.97
CA_1,HOBBIES_1_003,11449,2.97
CA_1,HOBBIES_1_003,11450,2.97
CA_1,HOBBIES_1_003,11451,2.97
CA_1,HOBBIES_1_003,11452,2.97
CA_1,HOBBIES_1_003,11501,2.97
CA_1,HOBBIES_1_003,11502,2.97
CA_1,HOBBIES_1_003,11503,2.97
CA_1,HOBBIES_1_003,11504,2.97
CA_1,HOBBIES_1_003,11505,2.97
CA_1,HOBBIES_1_003,11506,2.97
CA_1,HOBBIES_1_003,11507,2.97
CA_1,HOBBIES_1_003,11508,2.97
CA_1,HOBBIES_1_003,11509,2.97
CA_1,HOBBIES_1_003,11510,2.97
CA_1,HOBBIES_1_003,11511,2.97
CA_1,HOBBIES_1_003,11512,2.97
CA_1,HOBBIES_1_003,11513,2.97
CA_1,HOBBIES_1_003,11514,2.97
CA_1,HOBBIES_1_003,11515,2.97
CA_1,HOBBIES_1_003,11516,2.97
CA_1,HOBBIES_1_003,11517,2.97
CA_1,HOBBIES_1_003,11518,2.97
CA_1,HOBBIES_1_003,11519,2.97
CA_1,HOBBIES_1_003,11520,2.97
CA_1,HOBBIES_1_003,11521,2.97
CA_1,HOBBIES_1_003,11522,2.97
CA_1,HOBBIES_1_003,11523,2.97
CA_1,HOBBIES_1_003,11524,2.97
CA_1,HOBBIES_1_003,11525,2.97
CA_1,HOBBIES_1_003,11526,2.97
CA_1,HOBBIES_1_003,11527,2.97
CA_1,HOBBIES_1_003,11528,2.97
CA_1,HOBBIES_1_003,11529,2.97
CA_1,HOBBIES_1_003,11530,2.97
CA_1,HOBBIES_1_003,11531,2.97
CA_1,HOBBIES_1_003,11532,2.97
CA_1,HOBBIES_1_003,11533,2.97
CA_1,HOBBIES_1_003,11534,2.97
CA_1,HOBBIES_1_003,11535,2.97
CA_1,HOBBIES_1_003,11536,2.97
CA_1,HOBBIES_1_003,11537,2.97
CA_1,HOBBIES_1_003,11538,2.97
CA_1,HOBBIES_1_003,11539,2.97
CA_1,HOBBIES_1_003,11540,2.97
CA_1,HOBBIES_1_003,11541,2.97
CA_1,HOBBIES_1_003,11542,2.97
CA_1,HOBBIES_1_003,11543,2.97
CA_1,HOBBIES_1_003,11544,2.97
CA_1,HOBBIES_1_003,11545,2.97
CA_1,HOBBIES_1_003,11546,2.97
CA_1,HOBBIES_1_003,11547,2.97
CA_1,HOBBIES_1_003,11548,2.97
CA_1,HOBBIES_1_003,11549,2.97
CA_1,HOBBIES_1_003,11550,2.97
CA_1,HOBBIES_1_003,11551,2.97
CA_1,HOBBIES_1_003,11552,2.97
CA_1,HOBBIES_1_003,11601,2.97
CA_1,HOBBIES_1_003,11602,2.97
CA_1,HOBBIES_1_003,11603,2.97
CA_1,HOBBIES_1_003,11604,2.97
CA_1,HOBBIES_1_003,11605,2.97
CA_1,HOBBIES_1_003,11606,2.97
CA_1,HOBBIES_1_003,11607,2.97
CA_1,HOBBIES_1_003,11608,2.97
CA_1,HOBBIES_1_003,11609,2.97
CA_1,HOBBIES_1_003,11610,2.97
CA_1,HOBBIES_1_003,11611,2.97
CA_1,HOBBIES_1_003,11612,2.97
CA_1,HOBBIES_1_003,11613,2.97
CA_1,HOBBIES_1_003,11614,2.97
CA_1,HOBBIES_1_003,11615,2.97
CA_1,HOBBIES_1_003,11616,2.97
CA_1,HOBBIES_1_003,11617,2.97
CA_1,HOBBIES_1_003,11618,2.97
CA_1,HOBBIES_1_003,11619,2.97
CA_1,HOBBIES_1_003,11620,2.97
CA_1,HOBBIES_1_003,11621,2.97
CA_1,HOBBIES_1_004,11106,4.34
CA_1,HOBBIES_1_004,11107,4.34
CA_1,HOBBIES_1_004,11108,4.34
CA_1,HOBBIES_1_004,11109,4.34
CA_1,HOBBIES_1_004,11110,4.34
CA_1,HOBBIES_1_004,11111,4.34
CA_1,HOBBIES_1_004,11112,4.34
CA_1,HOBBIES_1_004,11113,4.34
CA_1,HOBBIES_1_004,11114,4.34
CA_1,HOBBIES_1_004,11115,4.34
CA_1,HOBBIES_1_004,11116,4.34
CA_1,HOBBIES_1_004,11117,4.34
CA_1,HOBBIES_1_004,11118,4.34
CA_1,HOBBIES_1_004,11119,4.34
CA_1,HOBBIES_1_004,11120,4.34
CA_1,HOBBIES_1_004,11121,4.34
CA_1,HOBBIES_1_004,11122,4.34
CA_1,HOBBIES_1_004,11123,4.34
CA_1,HOBBIES_1_004,11124,4.34
CA_1,HOBBIES_1_004,11125,4.34
CA_1,HOBBIES_1_004,11126,4.34
CA_1,HOBBIES_1_004,11127,4.34
CA_1,HOBBIES_1_004,11128,4.34
CA_1,HOBBIES_1_004,11129,4.34
CA_1,HOBBIES_1_004,11130,4.34
CA_1,HOBBIES_1_004,11131,4.34
CA_1,HOBBIES_1_004,11132,4.34
CA_1,HOBBIES_1_004,11133,4.34
CA_1,HOBBIES_1_004,11134,4.34
CA_1,HOBBIES_1_004,11135,4.34
CA_1,HOBBIES_1_004,11136,4.34
CA_1,HOBBIES_1_004,11137,4.34
CA_1,HOBBIES_1_004,11138,4.34
CA_1,HOBBIES_1_004,11139,4.34
CA_1,HOBBIES_1_004,11140,4.34
CA_1,HOBBIES_1_004,11141,4.34
CA_1,HOBBIES_1_004,11142,4.34
CA_1,HOBBIES_1_004,11143,4.34
CA_1,HOBBIES_1_004,11144,4.34
CA_1,HOBBIES_1_004,11145,4.34
CA_1,HOBBIES_1_004,11146,4.34
CA_1,HOBBIES_1_004,11147,4.34
CA_1,HOBBIES_1_004,11148,4.34
CA_1,HOBBIES_1_004,11149,4.34
CA_1,HOBBIES_1_004,11150,4.34
CA_1,HOBBIES_1_004,11151,4.34
CA_1,HOBBIES_1_004,11152,4.34
CA_1,HOBBIES_1_004,11201,4.34
CA_1,HOBBIES_1_004,11202,4.34
CA_1,HOBBIES_1_004,11203,4.34
CA_1,HOBBIES_1_004,11204,4.34
CA_1,HOBBIES_1_004,11205,4.34
CA_1,HOBBIES_1_004,11206,4.34
CA_1,HOBBIES_1_004,11207,4.34
CA_1,HOBBIES_1_004,11208,4.34
CA_1,HOBBIES_1_004,11209,4.34
CA_1,HOBBIES_1_004,11210,4.34
CA_1,HOBBIES_1_004,11211,4.34
CA_1,HOBBIES_1_004,11212,4.34
CA_1,HOBBIES_1_004,11213,4.34
CA_1,HOBBIES_1_004,11214,4.34
CA_1,HOBBIES_1_004,11215,4.34
CA_1,HOBBIES_1_004,11216,4.34
CA_1,HOBBIES_1_004,11217,4.34
CA_1,HOBBIES_1_004,11218,4.34
CA_1,HOBBIES_1_004,11219,4.34
CA_1,HOBBIES_1_004,11220,4.34
CA_1,HOBBIES_1_004,11221,4.34
CA_1,HOBBIES_1_004,11222,4.34
CA_1,HOBBIES_1_004,11223,4.34
CA_1,HOBBIES_1_004,11224,4.34
CA_1,HOBBIES_1_004,11225,4.34
CA_1,HOBBIES_1_004,11226,4.34
CA_1,HOBBIES_1_004,11227,4.34
CA_1,HOBBIES_1_004,11228,4.34
CA_1,HOBBIES_1_004,11229,4.34
CA_1,HOBBIES_1_004,11230,4.34
CA_1,HOBBIES_1_004,11231,4.34
CA_1,HOBBIES_1_004,11232,4.34
CA_1,HOBBIES_1_004,11233,4.34
CA_1,HOBBIES_1_004,11234,4.34
CA_1,HOBBIES_1_004,11235,4.34
CA_1,HOBBIES_1_004,11236,4.34
CA_1,HOBBIES_1_004,11237,4.34
CA_1,HOBBIES_1_004,11238,4.34
CA_1,HOBBIES_1_004,11239,4.34
CA_1,HOBBIES_1_004,11240,4.34
CA_1,HOBBIES_1_004,11241,4.34
CA_1,HOBBIES_1_004,11242,4.34
CA_1,HOBBIES_1_004,11243,4.34
CA_1,HOBBIES_1_004,11244,4.34
CA_1,HOBBIES_1_004,11245,4.34
CA_1,HOBBIES_1_004,11246,4.34
CA_1,HOBBIES_1_004,11247,4.34
CA_1,HOBBIES_1_004,11248,4.34
CA_1,HOBBIES_1_004,11249,4.34
CA_1,HOBBIES_1_004,11250,4.34
CA_1,HOBBIES_1_004,11251,4.34
CA_1,HOBBIES_1_004,11252,4.34
CA_1,HOBBIES_1_004,11301,4.34
CA_1,HOBBIES_1_004,11302,4.34
CA_1,HOBBIES_1_004,11303,4.34
CA_1,HOBBIES_1_004,11304,4.34
CA_1,HOBBIES_1_004,11305,4.64
CA_1,HOBBIES_1_004,11306,4.64
CA_1,HOBBIES_1_004,11307,4.64
CA_1,HOBBIES_1_004,11308,4.64
CA_1,HOBBIES_1_004,11309,4.64
CA_1,HOBBIES_1_004,11310,4.64
CA_1,HOBBIES_1_004,11311,4.64
CA_1,HOBBIES_1_004,11312,4.64
CA_1,HOBBIES_1_004,11313,4.64
CA_1,HOBBIES_1_004,11314,4.64
CA_1,HOBBIES_1_004,11315,4.64
CA_1,HOBBIES_1_004,11316,4.64
CA_1,HOBBIES_1_004,11317,4.64
CA_1,HOBBIES_1_004,11318,4.64
CA_1,HOBBIES_1_004,11319,4.64
CA_1,HOBBIES_1_004,11320,4.64
CA_1,HOBBIES_1_004,11321,4.64
CA_1,HOBBIES_1_004,11322,4.64
CA_1,HOBBIES_1_004,11323,4.64
CA_1,HOBBIES_1_004,11324,4.64
CA_1,HOBBIES_1_004,11325,4.64
CA_1,HOBBIES_1_004,11326,4.64
CA_1,HOBBIES_1_004,11327,4.64
CA_1,HOBBIES_1_004,11328,4.64
CA_1,HOBBIES_1_004,11329,4.64
CA_1,HOBBIES_1_004,11330,4.64
CA_1,HOBBIES_1_004,11331,4.64
CA_1,HOBBIES_1_004,11332,4.64
CA_1,HOBBIES_1_004,11333,4.64
CA_1,HOBBIES_1_004,11334,4.64
CA_1,HOBBIES_1_004,11335,4.64
CA_1,HOBBIES_1_004,11336,4.64
CA_1,HOBBIES_1_004,11337,4.64
CA_1,HOBBIES_1_004,11338,4.64
CA_1,HOBBIES_1_004,11339,4.64
CA_1,HOBBIES_1_004,11340,4.64
CA_1,HOBBIES_1_004,11341,4.64
CA_1,HOBBIES_1_004,11342,4.64
CA_1,HOBBIES_1_004,11343,4.64
CA_1,HOBBIES_1_004,11344,4.64
CA_1,HOBBIES_1_004,11345,4.64
CA_1,HOBBIES_1_004,11346,4.64
CA_1,HOBBIES_1_004,11347,4.64
CA_1,HOBBIES_1_004,11348,4.64
CA_1,HOBBIES_1_004,11349,4.64
CA_1,HOBBIES_1_004,11350,4.64
CA_1,HOBBIES_1_004,11351,4.64
CA_1,HOBBIES_1_004,11352,4.64
CA_1,HOBBIES_1_004,11353,4.64
CA_1,HOBBIES_1_004,11401,4.64
CA_1,HOBBIES_1_004,11402,4.64
CA_1,HOBBIES_1_004,11403,4.64
CA_1,HOBBIES_1_004,11404,4.64
CA_1,HOBBIES_1_004,11405,4.64
CA_1,HOBBIES_1_004,11406,4.64
CA_1,HOBBIES_1_004,11407,4.64
CA_1,HOBBIES_1_004,11408,4.64
CA_1,HOBBIES_1_004,11409,4.64
CA_1,HOBBIES_1_004,11410,4.64
CA_1,HOBBIES_1_004,11411,4.64
CA_1,HOBBIES_1_004,11412,4.64
CA_1,HOBBIES_1_004,11413,4.64
CA_1,HOBBIES_1_004,11414,4.64
CA_1,HOBBIES_1_004,11415,4.64
CA_1,HOBBIES_1_004,11416,4.64
CA_1,HOBBIES_1_004,11417,4.64
CA_1,HOBBIES_1_004,11418,4.64
CA_1,HOBBIES_1_004,11419,4.64
CA_1,HOBBIES_1_004,11420,4.64
CA_1,HOBBIES_1_004,11421,4.64
CA_1,HOBBIES_1_004,11422,4.64
CA_1,HOBBIES_1_004,11423,4.64
CA_1,HOBBIES_1_004,11424,4.64
CA_1,HOBBIES_1_004,11425,4.64
CA_1,HOBBIES_1_004,11426,4.64
CA_1,HOBBIES_1_004,11427,4.64
CA_1,HOBBIES_1_004,11428,4.64
CA_1,HOBBIES_1_004,11429,4.64
CA_1,HOBBIES_1_004,11430,4.64
CA_1,HOBBIES_1_004,11431,4.64
CA_1,HOBBIES_1_004,11432,4.64
CA_1,HOBBIES_1_004,11433,4.64
CA_1,HOBBIES_1_004,11434,4.64
CA_1,HOBBIES_1_004,11435,4.64
CA_1,HOBBIES_1_004,11436,4.64
CA_1,HOBBIES_1_004,11437,4.64
CA_1,HOBBIES_1_004,11438,4.64
CA_1,HOBBIES_1_004,11439,4.64
CA_1,HOBBIES_1_004,11440,4.64
CA_1,HOBBIES_1_004,11441,4.64
CA_1,HOBBIES_1_004,11442,4.64
CA_1,HOBBIES_1_004,11443,4.64
CA_1,HOBBIES_1_004,11444,4.64
CA_1,HOBBIES_1_004,11445,4.64
CA_1,HOBBIES_1_004,11446,4.64
CA_1,HOBBIES_1_004,11447,4.64
CA_1,HOBBIES_1_004,11448,4.64
CA_1,HOBBIES_1_004,11449,4.64
CA_1,HOBBIES_1_004,11450,4.64
CA_1,HOBBIES_1_004,11451,4.64
CA_1,HOBBIES_1_004,11452,4.64
CA_1,HOBBIES_1_004,11501,4.64
CA_1,HOBBIES_1_004,11502,4.64
CA_1,HOBBIES_1_004,11503,4.64
CA_1,HOBBIES_1_004,11504,4.64
CA_1,HOBBIES_1_004,11505,4.64
CA_1,HOBBIES_1_004,11506,4.64
CA_1,HOBBIES_1_004,11507,4.64
CA_1,HOBBIES_1_004,11508,4.64
CA_1,HOBBIES_1_004,11509,4.64
CA_1,HOBBIES_1_004,11510,4.64
CA_1,HOBBIES_1_004,11511,4.64
CA_1,HOBBIES_1_004,11512,4.64
CA_1,HOBBIES_1_004,11513,4.64
CA_1,HOBBIES_1_004,11514,4.64
CA_1,HOBBIES_1_004,11515,4.64
CA_1,HOBBIES_1_004,11516,4.64
CA_1,HOBBIES_1_004,11517,4.64
CA_1,HOBBIES_1_004,11518,4.64
CA_1,HOBBIES_1_004,11519,4.64
CA_1,HOBBIES_1_004,11520,4.64
CA_1,HOBBIES_1_004,11521,4.64
CA_1,HOBBIES_1_004,11522,4.64
CA_1,HOBBIES_1_004,11523,4.64
CA_1,HOBBIES_1_004,11524,4.64
CA_1,HOBBIES_1_004,11525,4.64
CA_1,HOBBIES_1_004,11526,4.64
CA_1,HOBBIES_1_004,11527,4.64
CA_1,HOBBIES_1_004,11528,4.64
CA_1,HOBBIES_1_004,11529,4.64
CA_1,HOBBIES_1_004,11530,4.64
CA_1,HOBBIES_1_004,11531,4.64
CA_1,HOBBIES_1_004,11532,4.64
CA_1,HOBBIES_1_004,11533,4.64
CA_1,HOBBIES_1_004,11534,4.64
CA_1,HOBBIES_1_004,11535,4.64
CA_1,HOBBIES_1_004,11536,4.64
CA_1,HOBBIES_1_004,11537,4.64
CA_1,HOBBIES_1_004,11538,4.64
CA_1,HOBBIES_1_004,11539,4.64
CA_1,HOBBIES_1_004,11540,4.64
CA_1,HOBBIES_1_004,11541,4.64
CA_1,HOBBIES_1_004,11542,4.64
CA_1,HOBBIES_1_004,11543,4.64
CA_1,HOBBIES_1_004,11544,4.64
CA_1,HOBBIES_1_004,11545,4.64
CA_1,HOBBIES_1_004,11546,4.64
CA_1,HOBBIES_1_004,11547,4.64
CA_1,HOBBIES_1_004,11548,4.64
CA_1,HOBBIES_1_004,11549,4.64
CA_1,HOBBIES_1_004,11550,4.64
CA_1,HOBBIES_1_004,11551,4.64
CA_1,HOBBIES_1_004,11552,4.64
CA_1,HOBBIES_1_004,11601,4.64
CA_1,HOBBIES_1_004,11602,4.64
CA_1,HOBBIES_1_004,11603,4.64
CA_1,HOBBIES_1_004,11604,4.64
CA_1,HOBBIES_1_004,11605,4.64
CA_1,HOBBIES_1_004,11606,4.64
CA_1,HOBBIES_1_004,11607,4.64
CA_1,HOBBIES_1_004,11608,4.64
CA_1,HOBBIES_1_004,11609,4.64
CA_1,HOBBIES_1_004,11610,4.64
CA_1,HOBBIES_1_004,11611,4.64
CA_1,HOBBIES_1_004,11612,4.64
CA_1,HOBBIES_1_004,11613,4.64
CA_1,HOBBIES_1_004,11614,4.64
CA_1,HOBBIES_1_004,11615,4.64
CA_1,HOBBIES_1_004,11616,4.64
CA_1,HOBBIES_1_004,11617,4.64
CA_1,HOBBIES_1_004,11618,4.64
CA_1,HOBBIES_1_004,11619,4.64
CA_1,HOBBIES_1_004,11620,4.64
CA_1,HOBBIES_1_004,11621,4.64
CA_1,HOBBIES_1_005,11117,2.98
CA_1,HOBBIES_1_005,11118,2.98
CA_1,HOBBIES_1_005,11119,2.98
CA_1,HOBBIES_1_005,11120,2.98
CA_1,HOBBIES_1_005,11121,2.98
CA_1,HOBBIES_1_005,11122,2.98
CA_1,HOBBIES_1_005,11123,2.98
CA_1,HOBBIES_1_005,11124,2.98
CA_1,HOBBIES_1_005,11125,2.98
CA_1,HOBBIES_1_005,11126,2.98
CA_1,HOBBIES_1_005,11127,2.98
CA_1,HOBBIES_1_005,11128,2.98
CA_1,HOBBIES_1_005,11129,2.98
CA_1,HOBBIES_1_005,11130,2.98
CA_1,HOBBIES_1_005,11131,2.98
CA_1,HOBBIES_1_005,11132,2.98
CA_1,HOBBIES_1_005,11133,2.98
CA_1,HOBBIES_1_005,11134,2.98
CA_1,HOBBIES_1_005,11135,2.48
CA_1,HOBBIES_1_005,11136,2.48
CA_1,HOBBIES_1_005,11137,2.48
CA_1,HOBBIES_1_005,11138,2.48
CA_1,HOBBIES_1_005,11139,2.48
CA_1,HOBBIES_1_005,11140,2.48
CA_1,HOBBIES_1_005,11141,2.48
CA_1,HOBBIES_1_005,11142,2.48
CA_1,HOBBIES_1_005,11143,2.48
CA_1,HOBBIES_1_005,11144,2.48
CA_1,HOBBIES_1_005,11145,2.48
CA_1,HOBBIES_1_005,11146,2.48
CA_1,HOBBIES_1_005,11147,2.48
CA_1,HOBBIES_1_005,11148,2.48
CA_1,HOBBIES_1_005,11149,2.48
CA_1,HOBBIES_1_005,11150,2.48
CA_1,HOBBIES_1_005,11151,2.48
CA_1,HOBBIES_1_005,11152,2.48
CA_1,HOBBIES_1_005,11201,2.98
CA_1,HOBBIES_1_005,11202,2.98
CA_1,HOBBIES_1_005,11203,2.98
CA_1,HOBBIES_1_005,11204,2.98
CA_1,HOBBIES_1_005,11205,2.98
CA_1,HOBBIES_1_005,11206,2.98
CA_1,HOBBIES_1_005,11207,2.98
CA_1,HOBBIES_1_005,11208,2.98
CA_1,HOBBIES_1_005,11209,2.98
CA_1,HOBBIES_1_005,11210,2.98
CA_1,HOBBIES_1_005,11211,2.98
CA_1,HOBBIES_1_005,11212,2.98
CA_1,HOBBIES_1_005,11213,2.98
CA_1,HOBBIES_1_005,11214,2.98
CA_1,HOBBIES_1_005,11215,2.98
CA_1,HOBBIES_1_005,11216,2.98
CA_1,HOBBIES_1_005,11217,2.98
CA_1,HOBBIES_1_005,11218,2.98
CA_1,HOBBIES_1_005,11219,2.98
CA_1,HOBBIES_1_005,11220,2.98
CA_1,HOBBIES_1_005,11221,2.98
CA_1,HOBBIES_1_005,11222,2.98
CA_1,HOBBIES_1_005,11223,2.98
CA_1,HOBBIES_1_005,11224,2.98
CA_1,HOBBIES_1_005,11225,2.98
CA_1,HOBBIES_1_005,11226,2.98
CA_1,HOBBIES_1_005,11227,2.98
CA_1,HOBBIES_1_005,11228,2.98
CA_1,HOBBIES_1_005,11229,2.98
CA_1,HOBBIES_1_005,11230,2.98
CA_1,HOBBIES_1_005,11231,2.98
CA_1,HOBBIES_1_005,11232,2.98
CA_1,HOBBIES_1_005,11233,2.98
CA_1,HOBBIES_1_005,11234,2.98
CA_1,HOBBIES_1_005,11235,2.98
CA_1,HOBBIES_1_005,11236,2.98
CA_1,HOBBIES_1_005,11237,2.98
CA_1,HOBBIES_1_005,11238,2.98
CA_1,HOBBIES_1_005,11239,2.98
CA_1,HOBBIES_1_005,11240,2.98
CA_1,HOBBIES_1_005,11241,2.98
CA_1,HOBBIES_1_005,11242,2.98
CA_1,HOBBIES_1_005,11243,3.08
CA_1,HOBBIES_1_005,11244,3.08
CA_1,HOBBIES_1_005,11245,3.08
CA_1,HOBBIES_1_005,11246,3.08
CA_1,HOBBIES_1_005,11247,3.08
CA_1,HOBBIES_1_005,11248,3.08
CA_1,HOBBIES_1_005,11249,3.08
CA_1,HOBBIES_1_005,11250,3.08
CA_1,HOBBIES_1_005,11251,3.08
CA_1,HOBBIES_1_005,11252,3.08
CA_1,HOBBIES_1_005,11301,3.08
CA_1,HOBBIES_1_005,11302,3.08
CA_1,HOBBIES_1_005,11303,3.08
CA_1,HOBBIES_1_005,11304,3.08
CA_1,HOBBIES_1_005,11305,3.08
CA_1,HOBBIES_1_005,11306,3.08
CA_1,HOBBIES_1_005,11307,3.08
CA_1,HOBBIES_1_005,11308,3.08
CA_1,HOBBIES_1_005,11309,3.08
CA_1,HOBBIES_1_005,11310,3.08
CA_1,HOBBIES_1_005,11311,3.08
CA_1,HOBBIES_1_005,11312,3.08
CA_1,HOBBIES_1_005,11313,3.08
CA_1,HOBBIES_1_005,11314,3.08
CA_1,HOBBIES_1_005,11315,3.08
CA_1,HOBBIES_1_005,11316,3.08
CA_1,HOBBIES_1_005,11317,3.08
CA_1,HOBBIES_1_005,11318,3.08
CA_1,HOBBIES_1_005,11319,3.08
CA_1,HOBBIES_1_005,11320,3.08
CA_1,HOBBIES_1_005,11321,3.08
CA_1,HOBBIES_1_005,11322,3.08
CA_1,HOBBIES_1_005,11323,3.08
CA_1,HOBBIES_1_005,11324,3.08
CA_1,HOBBIES_1_005,11325,3.08
CA_1,HOBBIES_1_005,11326,3.08
CA_1,HOBBIES_1_005,11327,3.08
CA_1,HOBBIES_1_005,11328,3.08
CA_1,HOBBIES_1_005,11329,3.08
CA_1,HOBBIES_1_005,11330,3.08
CA_1,HOBBIES_1_005,11331,3.08
CA_1,HOBBIES_1_005,11332,3.08
CA_1,HOBBIES_1_005,11333,3.08
CA_1,HOBBIES_1_005,11334,3.08
CA_1,HOBBIES_1_005,11335,3.08
CA_1,HOBBIES_1_005,11336,3.08
CA_1,HOBBIES_1_005,11337,3.08
CA_1,HOBBIES_1_005,11338,3.08
CA_1,HOBBIES_1_005,11339,3.08
CA_1,HOBBIES_1_005,11340,3.08
CA_1,HOBBIES_1_005,11341,3.08
CA_1,HOBBIES_1_005,11342,3.08
CA_1,HOBBIES_1_005,11343,3.08
CA_1,HOBBIES_1_005,11344,3.08
CA_1,HOBBIES_1_005,11345,3.08
CA_1,HOBBIES_1_005,11346,3.08
CA_1,HOBBIES_1_005,11347,3.08
CA_1,HOBBIES_1_005,11348,3.08
CA_1,HOBBIES_1_005,11349,3.08
CA_1,HOBBIES_1_005,11350,3.08
CA_1,HOBBIES_1_005,11351,3.08
CA_1,HOBBIES_1_005,11352,3.08
CA_1,HOBBIES_1_005,11353,3.08
CA_1,HOBBIES_1_005,11401,3.08
CA_1,HOBBIES_1_005,11402,3.08
CA_1,HOBBIES_1_005,11403,3.08
CA_1,HOBBIES_1_005,11404,3.08
CA_1,HOBBIES_1_005,11405,3.08
CA_1,HOBBIES_1_005,11406,3.08
CA_1,HOBBIES_1_005,11407,3.08
CA_1,HOBBIES_1_005,11408,3.08
CA_1,HOBBIES_1_005,11409,3.08
CA_1,HOBBIES_1_005,11410,3.08
CA_1,HOBBIES_1_005,11411,3.08
CA_1,HOBBIES_1_005,11412,3.08
CA_1,HOBBIES_1_005,11413,3.08
CA_1,HOBBIES_1_005,11414,3.08
CA_1,HOBBIES_1_005,11415,3.08
CA_1,HOBBIES_1_005,11416,3.08
CA_1,HOBBIES_1_005,11417,3.08
CA_1,HOBBIES_1_005,11418,3.08
CA_1,HOBBIES_1_005,11419,3.08
CA_1,HOBBIES_1_005,11420,3.08
CA_1,HOBBIES_1_005,11421,3.08
CA_1,HOBBIES_1_005,11422,3.08
CA_1,HOBBIES_1_005,11423,3.08
CA_1,HOBBIES_1_005,11424,3.08
CA_1,HOBBIES_1_005,11425,2.88
CA_1,HOBBIES_1_005,11426,2.88
CA_1,HOBBIES_1_005,11427,2.88
CA_1,HOBBIES_1_005,11428,2.88
CA_1,HOBBIES_1_005,11429,2.88
CA_1,HOBBIES_1_005,11430,2.88
CA_1,HOBBIES_1_005,11431,2.88
CA_1,HOBBIES_1_005,11432,2.88
CA_1,HOBBIES_1_005,11433,2.88
CA_1,HOBBIES_1_005,11434,2.88
CA_1,HOBBIES_1_005,11435,2.88
CA_1,HOBBIES_1_005,11436,2.88
CA_1,HOBBIES_1_005,11437,2.88
CA_1,HOBBIES_1_005,11438,2.88
CA_1,HOBBIES_1_005,11439,2.88
CA_1,HOBBIES_1_005,11440,2.88
CA_1,HOBBIES_1_005,11441,2.88
CA_1,HOBBIES_1_005,11442,2.88
CA_1,HOBBIES_1_005,11443,2.88
CA_1,HOBBIES_1_005,11444,2.88
CA_1,HOBBIES_1_005,11445,2.88
CA_1,HOBBIES_1_005,11446,2.88
CA_1,HOBBIES_1_005,11447,2.88
CA_1,HOBBIES_1_005,11448,2.88
CA_1,HOBBIES_1_005,11449,2.88
CA_1,HOBBIES_1_005,11450,2.88
CA_1,HOBBIES_1_005,11451,2.88
CA_1,HOBBIES_1_005,11452,2.88
CA_1,HOBBIES_1_005,11501,2.88
CA_1,HOBBIES_1_005,11502,2.88
CA_1,HOBBIES_1_005,11503,2.88
CA_1,HOBBIES_1_005,11504,2.88
CA_1,HOBBIES_1_005,11505,2.88
CA_1,HOBBIES_1_005,11506,2.88
CA_1,HOBBIES_1_005,11507,2.88
CA_1,HOBBIES_1_005,11508,2.88
CA_1,HOBBIES_1_005,11509,2.88
CA_1,HOBBIES_1_005,11510,2.88
CA_1,HOBBIES_1_005,11511,2.88
CA_1,HOBBIES_1_005,11512,2.88
CA_1,HOBBIES_1_005,11513,2.88
CA_1,HOBBIES_1_005,11514,2.88
CA_1,HOBBIES_1_005,11515,2.88
CA_1,HOBBIES_1_005,11516,2.88
CA_1,HOBBIES_1_005,11517,2.88
CA_1,HOBBIES_1_005,11518,2.88
CA_1,HOBBIES_1_005,11519,2.88
CA_1,HOBBIES_1_005,11520,2.88
CA_1,HOBBIES_1_005,11521,2.88
CA_1,HOBBIES_1_005,11522,2.88
CA_1,HOBBIES_1_005,11523,2.88
CA_1,HOBBIES_1_005,11524,2.88
CA_1,HOBBIES_1_005,11525,2.88
CA_1,HOBBIES_1_005,11526,2.88
CA_1,HOBBIES_1_005,11527,2.88
CA_1,HOBBIES_1_005,11528,2.88
CA_1,HOBBIES_1_005,11529,2.88
CA_1,HOBBIES_1_005,11530,2.88
CA_1,HOBBIES_1_005,11531,2.88
CA_1,HOBBIES_1_005,11532,2.88
CA_1,HOBBIES_1_005,11533,2.88
CA_1,HOBBIES_1_005,11534,2.88
CA_1,HOBBIES_1_005,11535,2.88
CA_1,HOBBIES_1_005,11536,2.88
CA_1,HOBBIES_1_005,11537,2.88
CA_1,HOBBIES_1_005,11538,2.88
CA_1,HOBBIES_1_005,11539,2.88
CA_1,HOBBIES_1_005,11540,2.88
CA_1,HOBBIES_1_005,11541,2.88
CA_1,HOBBIES_1_005,11542,2.88
CA_1,HOBBIES_1_005,11543,2.88
CA_1,HOBBIES_1_005,11544,2.88
CA_1,HOBBIES_1_005,11545,2.88
CA_1,HOBBIES_1_005,11546,2.88
CA_1,HOBBIES_1_005,11547,2.88
CA_1,HOBBIES_1_005,11548,2.88
CA_1,HOBBIES_1_005,11549,2.88
CA_1,HOBBIES_1_005,11550,2.88
CA_1,HOBBIES_1_005,11551,2.88
CA_1,HOBBIES_1_005,11552,2.88
CA_1,HOBBIES_1_005,11601,2.88
CA_1,HOBBIES_1_005,11602,2.88
CA_1,HOBBIES_1_005,11603,2.88
CA_1,HOBBIES_1_005,11604,2.88
CA_1,HOBBIES_1_005,11605,2.88
CA_1,HOBBIES_1_005,11606,2.88
CA_1,HOBBIES_1_005,11607,2.88
CA_1,HOBBIES_1_005,11608,2.88
CA_1,HOBBIES_1_005,11609,2.88
CA_1,HOBBIES_1_005,11610,2.88
CA_1,HOBBIES_1_005,11611,2.88
CA_1,HOBBIES_1_005,11612,2.88
CA_1,HOBBIES_1_005,11613,2.88
CA_1,HOBBIES_1_005,11614,2.88
CA_1,HOBBIES_1_005,11615,2.88
CA_1,HOBBIES_1_005,11616,2.88
CA_1,HOBBIES_1_005,11617,2.88
CA_1,HOBBIES_1_005,11618,2.88
CA_1,HOBBIES_1_005,11619,2.88
CA_1,HOBBIES_1_005,11620,2.88
CA_1,HOBBIES_1_005,11621,2.88
CA_1,HOBBIES_1_006,11210,1
CA_1,HOBBIES_1_006,11211,1
CA_1,HOBBIES_1_006,11212,1
CA_1,HOBBIES_1_006,11213,1
CA_1,HOBBIES_1_006,11214,1
CA_1,HOBBIES_1_006,11215,1
CA_1,HOBBIES_1_006,11216,1
CA_1,HOBBIES_1_006,11217,1
CA_1,HOBBIES_1_006,11218,1
CA_1,HOBBIES_1_006,11219,1
CA_1,HOBBIES_1_006,11220,1
CA_1,HOBBIES_1_006,11221,1
CA_1,HOBBIES_1_006,11222,1
CA_1,HOBBIES_1_006,11223,1
CA_1,HOBBIES_1_006,11224,1
CA_1,HOBBIES_1_006,11225,1
CA_1,HOBBIES_1_006,11226,1
CA_1,HOBBIES_1_006,11227,1
CA_1,HOBBIES_1_006,11228,1
CA_1,HOBBIES_1_006,11229,1
CA_1,HOBBIES_1_006,11230,1
CA_1,HOBBIES_1_006,11231,1
CA_1,HOBBIES_1_006,11232,1
CA_1,HOBBIES_1_006,11233,1
CA_1,HOBBIES_1_006,11234,1
CA_1,HOBBIES_1_006,11235,1
CA_1,HOBBIES_1_006,11236,1
CA_1,HOBBIES_1_006,11237,1
CA_1,HOBBIES_1_006,11238,1
CA_1,HOBBIES_1_006,11239,1
CA_1,HOBBIES_1_006,11240,1
CA_1,HOBBIES_1_006,11241,1
CA_1,HOBBIES_1_006,11242,1
CA_1,HOBBIES_1_006,11243,1
CA_1,HOBBIES_1_006,11244,1
CA_1,HOBBIES_1_006,11245,1
CA_1,HOBBIES_1_006,11246,1
CA_1,HOBBIES_1_006,11247,1
CA_1,HOBBIES_1_006,11248,1
CA_1,HOBBIES_1_006,11249,1
CA_1,HOBBIES_1_006,11250,1
CA_1,HOBBIES_1_006,11251,1
CA_1,HOBBIES_1_006,11252,1
CA_1,HOBBIES_1_006,11301,1
CA_1,HOBBIES_1_006,11302,1
CA_1,HOBBIES_1_006,11303,1
CA_1,HOBBIES_1_006,11304,1
CA_1,HOBBIES_1_006,11305,1
CA_1,HOBBIES_1_006,11306,1
CA_1,HOBBIES_1_006,11307,1
CA_1,HOBBIES_1_006,11308,1
CA_1,HOBBIES_1_006,11309,1
CA_1,HOBBIES_1_006,11310,1
CA_1,HOBBIES_1_006,11311,1
CA_1,HOBBIES_1_006,11312,1
CA_1,HOBBIES_1_006,11313,1
CA_1,HOBBIES_1_006,11314,1
CA_1,HOBBIES_1_006,11315,1
CA_1,HOBBIES_1_006,11316,1
CA_1,HOBBIES_1_006,11317,1
CA_1,HOBBIES_1_006,11318,1
CA_1,HOBBIES_1_006,11319,1
CA_1,HOBBIES_1_006,11320,1
CA_1,HOBBIES_1_006,11321,1
CA_1,HOBBIES_1_006,11322,1
CA_1,HOBBIES_1_006,11323,1
CA_1,HOBBIES_1_006,11324,1
CA_1,HOBBIES_1_006,11325,1
CA_1,HOBBIES_1_006,11326,1
CA_1,HOBBIES_1_006,11327,1
CA_1,HOBBIES_1_006,11328,1
CA_1,HOBBIES_1_006,11329,1
CA_1,HOBBIES_1_006,11330,1
CA_1,HOBBIES_1_006,11331,1
CA_1,HOBBIES_1_006,11332,1
CA_1,HOBBIES_1_006,11333,1
CA_1,HOBBIES_1_006,11334,1
CA_1,HOBBIES_1_006,11335,1
CA_1,HOBBIES_1_006,11336,1
CA_1,HOBBIES_1_006,11337,1
CA_1,HOBBIES_1_006,11338,1
CA_1,HOBBIES_1_006,11339,1
CA_1,HOBBIES_1_006,11340,1
CA_1,HOBBIES_1_006,11341,1
CA_1,HOBBIES_1_006,11342,1
CA_1,HOBBIES_1_006,11343,1
CA_1,HOBBIES_1_006,11344,1
CA_1,HOBBIES_1_006,11345,1
CA_1,HOBBIES_1_006,11346,1
CA_1,HOBBIES_1_006,11347,1
CA_1,HOBBIES_1_006,11348,1
CA_1,HOBBIES_1_006,11349,1
CA_1,HOBBIES_1_006,11350,1
CA_1,HOBBIES_1_006,11351,1
CA_1,HOBBIES_1_006,11352,1
CA_1,HOBBIES_1_006,11353,1
CA_1,HOBBIES_1_006,11401,1
CA_1,HOBBIES_1_006,11402,1
CA_1,HOBBIES_1_006,11403,1
CA_1,HOBBIES_1_006,11404,1
CA_1,HOBBIES_1_006,11405,1
CA_1,HOBBIES_1_006,11406,1
CA_1,HOBBIES_1_006,11407,1
CA_1,HOBBIES_1_006,11408,1
CA_1,HOBBIES_1_006,11409,1
CA_1,HOBBIES_1_006,11410,1
CA_1,HOBBIES_1_006,11411,1
CA_1,HOBBIES_1_006,11412,1
CA_1,HOBBIES_1_006,11413,1
CA_1,HOBBIES_1_006,11414,1
CA_1,HOBBIES_1_006,11415,1
CA_1,HOBBIES_1_006,11416,1
CA_1,HOBBIES_1_006,11417,1
CA_1,HOBBIES_1_006,11418,1
CA_1,HOBBIES_1_006,11419,1
CA_1,HOBBIES_1_006,11420,1
CA_1,HOBBIES_1_006,11421,1
CA_1,HOBBIES_1_006,11422,1
CA_1,HOBBIES_1_006,11423,1
CA_1,HOBBIES_1_006,11424,1
CA_1,HOBBIES_1_006,11425,1
CA_1,HOBBIES_1_006,11426,1
CA_1,HOBBIES_1_006,11427,1
CA_1,HOBBIES_1_006,11428,1
CA_1,HOBBIES_1_006,11429,1
CA_1,HOBBIES_1_006,11430,1
CA_1,HOBBIES_1_006,11431,1
CA_1,HOBBIES_1_006,11432,1
CA_1,HOBBIES_1_006,11433,1
CA_1,HOBBIES_1_006,11434,1
CA_1,HOBBIES_1_006,11435,1
CA_1,HOBBIES_1_006,11436,1
CA_1,HOBBIES_1_006,11437,1
CA_1,HOBBIES_1_006,11438,1
CA_1,HOBBIES_1_006,11439,1
CA_1,HOBBIES_1_006,11440,1
CA_1,HOBBIES_1_006,11441,1
CA_1,HOBBIES_1_006,11442,1
CA_1,HOBBIES_1_006,11443,1
CA_1,HOBBIES_1_006,11444,1
CA_1,HOBBIES_1_006,11445,1
CA_1,HOBBIES_1_006,11446,1
CA_1,HOBBIES_1_006,11447,1
CA_1,HOBBIES_1_006,11448,1
CA_1,HOBBIES_1_006,11449,1
CA_1,HOBBIES_1_006,11450,1
CA_1,HOBBIES_1_006,11451,1
CA_1,HOBBIES_1_006,11452,1
CA_1,HOBBIES_1_006,11501,1
CA_1,HOBBIES_1_006,11502,1
CA_1,HOBBIES_1_006,11503,1
CA_1,HOBBIES_1_006,11504,1
CA_1,HOBBIES_1_006,11505,1
CA_1,HOBBIES_1_006,11506,1
CA_1,HOBBIES_1_006,11507,1
CA_1,HOBBIES_1_006,11508,1
CA_1,HOBBIES_1_006,11509,1
CA_1,HOBBIES_1_006,11510,1
CA_1,HOBBIES_1_006,11511,1
CA_1,HOBBIES_1_006,11512,1
CA_1,HOBBIES_1_006,11513,1
CA_1,HOBBIES_1_006,11514,1
CA_1,HOBBIES_1_006,11515,1
CA_1,HOBBIES_1_006,11516,1
CA_1,HOBBIES_1_006,11517,1
CA_1,HOBBIES_1_006,11518,1
CA_1,HOBBIES_1_006,11519,0.96
CA_1,HOBBIES_1_006,11520,0.96
CA_1,HOBBIES_1_006,11521,0.96
CA_1,HOBBIES_1_006,11522,0.96
CA_1,HOBBIES_1_006,11523,0.96
CA_1,HOBBIES_1_006,11524,0.96
CA_1,HOBBIES_1_006,11525,0.96
CA_1,HOBBIES_1_006,11526,0.96
CA_1,HOBBIES_1_006,11527,0.96
CA_1,HOBBIES_1_006,11528,0.96
CA_1,HOBBIES_1_006,11529,0.96
CA_1,HOBBIES_1_006,11530,0.96
CA_1,HOBBIES_1_006,11531,0.96
CA_1,HOBBIES_1_006,11532,0.96
CA_1,HOBBIES_1_006,11533,0.96
CA_1,HOBBIES_1_006,11534,0.96
CA_1,HOBBIES_1_006,11535,0.96
CA_1,HOBBIES_1_006,11536,0.96
CA_1,HOBBIES_1_006,11537,0.96
CA_1,HOBBIES_1_006,11538,0.96
CA_1,HOBBIES_1_006,11539,0.96
CA_1,HOBBIES_1_006,11540,0.96
CA_1,HOBBIES_1_006,11541,0.96
CA_1,HOBBIES_1_006,11542,0.96
CA_1,HOBBIES_1_006,11543,0.96
CA_1,HOBBIES_1_006,11544,0.96
CA_1,HOBBIES_1_006,11545,0.96
CA_1,HOBBIES_1_006,11546,0.96
CA_1,HOBBIES_1_006,11547,0.96
CA_1,HOBBIES_1_006,11548,0.96
CA_1,HOBBIES_1_006,11549,0.96
CA_1,HOBBIES_1_006,11550,0.96
CA_1,HOBBIES_1_006,11551,0.96
CA_1,HOBBIES_1_006,11552,0.96
CA_1,HOBBIES_1_006,11601,0.96
CA_1,HOBBIES_1_006,11602,0.96
CA_1,HOBBIES_1_006,11603,0.96
CA_1,HOBBIES_1_006,11604,0.96
CA_1,HOBBIES_1_006,11605,0.96
CA_1,HOBBIES_1_006,11606,0.96
CA_1,HOBBIES_1_006,11607,0.96
CA_1,HOBBIES_1_006,11608,0.96
CA_1,HOBBIES_1_006,11609,0.96
CA_1,HOBBIES_1_006,11610,0.96
CA_1,HOBBIES_1_006,11611,0.96
CA_1,HOBBIES_1_006,11612,0.96
CA_1,HOBBIES_1_006,11613,0.96
CA_1,HOBBIES_1_006,11614,0.96
CA_1,HOBBIES_1_006,11615,0.96
CA_1,HOBBIES_1_006,11616,0.96
CA_1,HOBBIES_1_006,11617,0.96
CA_1,HOBBIES_1_006,11618,0.96
CA_1,HOBBIES_1_006,11619,0.96
CA_1,HOBBIES_1_006,11620,0.96
CA_1,HOBBIES_1_006,11621,0.96
CA_1,HOBBIES_1_007,11224,7.94
CA_1,HOBBIES_1_007,11225,7.94
CA_1,HOBBIES_1_007,11226,7.94
CA_1,HOBBIES_1_007,11227,7.94
CA_1,HOBBIES_1_007,11228,7.94
CA_1,HOBBIES_1_007,11229,7.94
CA_1,HOBBIES_1_007,11230,7.94
CA_1,HOBBIES_1_007,11231,7.94
CA_1,HOBBIES_1_007,11232,7.94
CA_1,HOBBIES_1_007,11233,7.94
CA_1,HOBBIES_1_007,11234,7.94
CA_1,HOBBIES_1_007,11235,7.94
CA_1,HOBBIES_1_007,11236,7.94
CA_1,HOBBIES_1_007,11237,7.94
CA_1,HOBBIES_1_007,11238,7.94
CA_1,HOBBIES_1_007,11239,7.94
CA_1,HOBBIES_1_007,11240,7.94
CA_1,HOBBIES_1_007,11241,7.94
CA_1,HOBBIES_1_007,11242,7.88
CA_1,HOBBIES_1_007,11243,7.88
CA_1,HOBBIES_1_007,11244,7.88
CA_1,HOBBIES_1_007,11245,7.88
CA_1,HOBBIES_1_007,11246,7.88
CA_1,HOBBIES_1_007,11247,7.88
CA_1,HOBBIES_1_007,11248,7.88
CA_1,HOBBIES_1_007,11249,7.88
CA_1,HOBBIES_1_007,11250,7.88
CA_1,HOBBIES_1_007,11251,7.88
CA_1,HOBBIES_1_007,11252,7.88
CA_1,HOBBIES_1_007,11301,7.88
CA_1,HOBBIES_1_007,11302,7.88
CA_1,HOBBIES_1_007,11303,7.88
CA_1,HOBBIES_1_007,11304,7.88
CA_1,HOBBIES_1_007,11305,7.88
CA_1,HOBBIES_1_007,11306,7.88
CA_1,HOBBIES_1_007,11307,7.88
CA_1,HOBBIES_1_007,11308,7.88
CA_1,HOBBIES_1_007,11309,7.88
CA_1,HOBBIES_1_007,11310,7.88
CA_1,HOBBIES_1_007,11311,7.88
CA_1,HOBBIES_1_007,11312,7.88
CA_1,HOBBIES_1_007,11313,7.88
CA_1,HOBBIES_1_007,11314,7.88
CA_1,HOBBIES_1_007,11315,7.88
CA_1,HOBBIES_1_007,11316,7.88
CA_1,HOBBIES_1_007,11317,7.88
CA_1,HOBBIES_1_007,11318,7.88
CA_1,HOBBIES_1_007,11319,7.88
CA_1,HOBBIES_1_007,11320,7.88
CA_1,HOBBIES_1_007,11321,7.88
CA_1,HOBBIES_1_007,11322,7.88
CA_1,HOBBIES_1_007,11323,7.88
CA_1,HOBBIES_1_007,11324,7.88
CA_1,HOBBIES_1_007,11325,7.88
CA_1,HOBBIES_1_007,11326,7.88
CA_1,HOBBIES_1_007,11327,7.88
CA_1,HOBBIES_1_007,11328,7.88
CA_1,HOBBIES_1_007,11329,7.88
CA_1,HOBBIES_1_007,11330,7.88
CA_1,HOBBIES_1_007,11331,7.88
CA_1,HOBBIES_1_007,11332,7.88
CA_1,HOBBIES_1_007,11333,7.88
CA_1,HOBBIES_1_007,11334,7.88
CA_1,HOBBIES_1_007,11335,7.88
CA_1,HOBBIES_1_007,11336,7.88
CA_1,HOBBIES_1_007,11337,7.88
CA_1,HOBBIES_1_007,11338,7.88
CA_1,HOBBIES_1_007,11339,7.88
CA_1,HOBBIES_1_007,11340,7.88
CA_1,HOBBIES_1_007,11341,7.88
CA_1,HOBBIES_1_007,11342,7.88
CA_1,HOBBIES_1_007,11343,7.88
CA_1,HOBBIES_1_007,11344,7.88
CA_1,HOBBIES_1_007,11345,7.88
CA_1,HOBBIES_1_007,11346,7.88
CA_1,HOBBIES_1_007,11347,7.88
CA_1,HOBBIES_1_007,11348,7.88
CA_1,HOBBIES_1_007,11349,7.88
CA_1,HOBBIES_1_007,11350,7.88
CA_1,HOBBIES_1_007,11351,7.88
CA_1,HOBBIES_1_007,11352,7.88
CA_1,HOBBIES_1_007,11353,7.88
CA_1,HOBBIES_1_007,11401,7.88
CA_1,HOBBIES_1_007,11402,7.88
CA_1,HOBBIES_1_007,11403,7.88
CA_1,HOBBIES_1_007,11404,7.88
CA_1,HOBBIES_1_007,11405,7.88
CA_1,HOBBIES_1_007,11406,7.88
CA_1,HOBBIES_1_007,11407,7.88
CA_1,HOBBIES_1_007,11408,7.88
CA_1,HOBBIES_1_007,11409,7.88
CA_1,HOBBIES_1_007,11410,7.88
CA_1,HOBBIES_1_007,11411,7.88
CA_1,HOBBIES_1_007,11412,7.88
CA_1,HOBBIES_1_007,11413,7.88
CA_1,HOBBIES_1_007,11414,7.88
CA_1,HOBBIES_1_007,11415,7.88
CA_1,HOBBIES_1_007,11416,7.88
CA_1,HOBBIES_1_007,11417,7.88
CA_1,HOBBIES_1_007,11418,7.88
CA_1,HOBBIES_1_007,11419,7.88
CA_1,HOBBIES_1_007,11420,7.88
CA_1,HOBBIES_1_007,11421,7.88
CA_1,HOBBIES_1_007,11422,7.88
CA_1,HOBBIES_1_007,11423,7.88
CA_1,HOBBIES_1_007,11424,7.88
CA_1,HOBBIES_1_007,11425,7.88
CA_1,HOBBIES_1_007,11426,7.88
CA_1,HOBBIES_1_007,11427,7.88
CA_1,HOBBIES_1_007,11428,7.88
CA_1,HOBBIES_1_007,11429,7.88
CA_1,HOBBIES_1_007,11430,7.88
CA_1,HOBBIES_1_007,11431,7.88
CA_1,HOBBIES_1_007,11432,7.88
CA_1,HOBBIES_1_007,11433,7.88
CA_1,HOBBIES_1_007,11434,7.88
CA_1,HOBBIES_1_007,11435,7.88
CA_1,HOBBIES_1_007,11436,7.88
CA_1,HOBBIES_1_007,11437,7.88
CA_1,HOBBIES_1_007,11438,7.88
CA_1,HOBBIES_1_007,11439,7.88
CA_1,HOBBIES_1_007,11440,7.88
CA_1,HOBBIES_1_007,11441,7.88
CA_1,HOBBIES_1_007,11442,7.88
CA_1,HOBBIES_1_007,11443,7.88
CA_1,HOBBIES_1_007,11444,7.88
CA_1,HOBBIES_1_007,11445,7.88
CA_1,HOBBIES_1_007,11446,7.88
CA_1,HOBBIES_1_007,11447,7.88
CA_1,HOBBIES_1_007,11448,7.88
CA_1,HOBBIES_1_007,11449,7.88
CA_1,HOBBIES_1_007,11450,7.88
CA_1,HOBBIES_1_007,11451,7.88
CA_1,HOBBIES_1_007,11452,7.88
CA_1,HOBBIES_1_007,11501,7.88
CA_1,HOBBIES_1_007,11502,7.88
CA_1,HOBBIES_1_007,11503,7.88
CA_1,HOBBIES_1_007,11504,7.88
CA_1,HOBBIES_1_007,11505,7.88
CA_1,HOBBIES_1_007,11506,7.88
CA_1,HOBBIES_1_007,11507,7.88
CA_1,HOBBIES_1_007,11508,7.88
CA_1,HOBBIES_1_007,11509,7.88
CA_1,HOBBIES_1_007,11510,7.88
CA_1,HOBBIES_1_007,11511,7.88
CA_1,HOBBIES_1_007,11512,7.88
CA_1,HOBBIES_1_007,11513,7.88
CA_1,HOBBIES_1_007,11514,7.88
CA_1,HOBBIES_1_007,11515,7.88
CA_1,HOBBIES_1_007,11516,7.88
CA_1,HOBBIES_1_007,11517,7.88
CA_1,HOBBIES_1_007,11518,7.88
CA_1,HOBBIES_1_007,11519,7.88
CA_1,HOBBIES_1_007,11520,7.88
CA_1,HOBBIES_1_007,11521,7.88
CA_1,HOBBIES_1_007,11522,7.88
CA_1,HOBBIES_1_007,11523,7.88
CA_1,HOBBIES_1_007,11524,7.88
CA_1,HOBBIES_1_007,11525,7.88
CA_1,HOBBIES_1_007,11526,7.88
CA_1,HOBBIES_1_007,11527,7.88
CA_1,HOBBIES_1_007,11528,7.88
CA_1,HOBBIES_1_007,11529,7.88
CA_1,HOBBIES_1_007,11530,7.88
CA_1,HOBBIES_1_007,11531,7.88
CA_1,HOBBIES_1_007,11532,7.88
CA_1,HOBBIES_1_007,11533,7.88
CA_1,HOBBIES_1_007,11534,7.88
CA_1,HOBBIES_1_007,11535,7.88
CA_1,HOBBIES_1_007,11536,7.88
CA_1,HOBBIES_1_007,11537,7.88
CA_1,HOBBIES_1_007,11538,7.88
CA_1,HOBBIES_1_007,11539,7.88
CA_1,HOBBIES_1_007,11540,7.88
CA_1,HOBBIES_1_007,11541,7.88
CA_1,HOBBIES_1_007,11542,7.88
CA_1,HOBBIES_1_007,11543,7.88
CA_1,HOBBIES_1_007,11544,7.88
CA_1,HOBBIES_1_007,11545,7.88
CA_1,HOBBIES_1_007,11546,7.88
CA_1,HOBBIES_1_007,11547,7.88
CA_1,HOBBIES_1_007,11548,7.88
CA_1,HOBBIES_1_007,11549,7.88
CA_1,HOBBIES_1_007,11550,7.88
CA_1,HOBBIES_1_007,11551,7.88
CA_1,HOBBIES_1_007,11552,7.88
CA_1,HOBBIES_1_007,11601,7.88
CA_1,HOBBIES_1_007,11602,7.88
CA_1,HOBBIES_1_007,11603,7.88
CA_1,HOBBIES_1_007,11604,7.88
CA_1,HOBBIES_1_007,11605,7.88
CA_1,HOBBIES_1_007,11606,7.88
CA_1,HOBBIES_1_007,11607,7.88
CA_1,HOBBIES_1_007,11608,7.88
CA_1,HOBBIES_1_007,11609,7.88
CA_1,HOBBIES_1_007,11610,7.88
CA_1,HOBBIES_1_007,11611,7.88
CA_1,HOBBIES_1_007,11612,7.88
CA_1,HOBBIES_1_007,11613,7.88
CA_1,HOBBIES_1_007,11614,7.88
CA_1,HOBBIES_1_007,11615,7.88
CA_1,HOBBIES_1_007,11616,7.88
CA_1,HOBBIES_1_007,11617,7.88
CA_1,HOBBIES_1_007,11618,7.88
CA_1,HOBBIES_1_007,11619,7.88
CA_1,HOBBIES_1_007,11620,7.88
CA_1,HOBBIES_1_007,11621,7.88
CA_1,HOBBIES_1_008,11101,0.46
CA_1,HOBBIES_1_008,11102,0.46
CA_1,HOBBIES_1_008,11103,0.46
CA_1,HOBBIES_1_008,11104,0.42
CA_1,HOBBIES_1_008,11105,0.42
CA_1,HOBBIES_1_008,11106,0.42
CA_1,HOBBIES_1_008,11107,0.42
CA_1,HOBBIES_1_008,11108,0.42
CA_1,HOBBIES_1_008,11109,0.42
CA_1,HOBBIES_1_008,11110,0.42
CA_1,HOBBIES_1_008,11111,0.42
CA_1,HOBBIES_1_008,11112,0.5
CA_1,HOBBIES_1_008,11113,0.5
CA_1,HOBBIES_1_008,11114,0.5
CA_1,HOBBIES_1_008,11115,0.5
CA_1,HOBBIES_1_008,11116,0.5
CA_1,HOBBIES_1_008,11117,0.5
CA_1,HOBBIES_1_008,11118,0.5
CA_1,HOBBIES_1_008,11119,0.5
CA_1,HOBBIES_1_008,11120,0.5
CA_1,HOBBIES_1_008,11121,0.5
CA_1,HOBBIES_1_008,11122,0.5
CA_1,HOBBIES_1_008,11123,0.5
CA_1,HOBBIES_1_008,11124,0.5
CA_1,HOBBIES_1_008,11125,0.5
CA_1,HOBBIES_1_008,11126,0.5
CA_1,HOBBIES_1_008,11127,0.5
CA_1,HOBBIES_1_008,11128,0.5
CA_1,HOBBIES_1_008,11129,0.5
CA_1,HOBBIES_1_008,11130,0.5
CA_1,HOBBIES_1_008,11131,0.5
CA_1,HOBBIES_1_008,11132,0.5
CA_1,HOBBIES_1_008,11133,0.5
CA_1,HOBBIES_1_008,11134,0.5
CA_1,HOBBIES_1_008,11135,0.5
CA_1,HOBBIES_1_008,11136,0.5
CA_1,HOBBIES_1_008,11137,0.5
CA_1,HOBBIES_1_008,11138,0.5
CA_1,HOBBIES_1_008,11139,0.5
CA_1,HOBBIES_1_008,11140,0.5
CA_1,HOBBIES_1_008,11141,0.5
CA_1,HOBBIES_1_008,11142,0.5
CA_1,HOBBIES_1_008,11143,0.5
CA_1,HOBBIES_1_008,11144,0.5
CA_1,HOBBIES_1_008,11145,0.5
CA_1,HOBBIES_1_008,11146,0.5
CA_1,HOBBIES_1_008,11147,0.5
CA_1,HOBBIES_1_008,11148,0.5
CA_1,HOBBIES_1_008,11149,0.5
CA_1,HOBBIES_1_008,11150,0.5
CA_1,HOBBIES_1_008,11151,0.5
CA_1,HOBBIES_1_008,11152,0.5
CA_1,HOBBIES_1_008,11201,0.5
CA_1,HOBBIES_1_008,11202,0.5
CA_1,HOBBIES_1_008,11203,0.5
CA_1,HOBBIES_1_008,11204,0.5
CA_1,HOBBIES_1_008,11205,0.5
CA_1,HOBBIES_1_008,11206,0.5
CA_1,HOBBIES_1_008,11207,0.5
CA_1,HOBBIES_1_008,11208,0.5
CA_1,HOBBIES_1_008,11209,0.5
CA_1,HOBBIES_1_008,11210,0.5
CA_1,HOBBIES_1_008,11211,0.5
CA_1,HOBBIES_1_008,11212,0.5
CA_1,HOBBIES_1_008,11213,0.5
CA_1,HOBBIES_1_008,11214,0.5
CA_1,HOBBIES_1_008,11215,0.5
CA_1,HOBBIES_1_008,11216,0.5
CA_1,HOBBIES_1_008,11217,0.5
CA_1,HOBBIES_1_008,11218,0.5
CA_1,HOBBIES_1_008,11219,0.5
CA_1,HOBBIES_1_008,11220,0.5
CA_1,HOBBIES_1_008,11221,0.5
CA_1,HOBBIES_1_008,11222,0.5
CA_1,HOBBIES_1_008,11223,0.5
CA_1,HOBBIES_1_008,11224,0.5
CA_1,HOBBIES_1_008,11225,0.5
CA_1,HOBBIES_1_008,11226,0.5
CA_1,HOBBIES_1_008,11227,0.5
CA_1,HOBBIES_1_008,11228,0.5
CA_1,HOBBIES_1_008,11229,0.5
CA_1,HOBBIES_1_008,11230,0.5
CA_1,HOBBIES_1_008,11231,0.5
CA_1,HOBBIES_1_008,11232,0.5
CA_1,HOBBIES_1_008,11233,0.5
CA_1,HOBBIES_1_008,11234,0.5
CA_1,HOBBIES_1_008,11235,0.5
CA_1,HOBBIES_1_008,11236,0.5
CA_1,HOBBIES_1_008,11237,0.5
CA_1,HOBBIES_1_008,11238,0.5
CA_1,HOBBIES_1_008,11239,0.5
CA_1,HOBBIES_1_008,11240,0.5
CA_1,HOBBIES_1_008,11241,0.5
CA_1,HOBBIES_1_008,11242,0.5
CA_1,HOBBIES_1_008,11243,0.5
CA_1,HOBBIES_1_008,11244,0.5
CA_1,HOBBIES_1_008,11245,0.5
CA_1,HOBBIES_1_008,11246,0.5
CA_1,HOBBIES_1_008,11247,0.5
CA_1,HOBBIES_1_008,11248,0.5
CA_1,HOBBIES_1_008,11249,0.5
CA_1,HOBBIES_1_008,11250,0.5
CA_1,HOBBIES_1_008,11251,0.5
CA_1,HOBBIES_1_008,11252,0.46
CA_1,HOBBIES_1_008,11301,0.46
CA_1,HOBBIES_1_008,11302,0.46
CA_1,HOBBIES_1_008,11303,0.46
CA_1,HOBBIES_1_008,11304,0.46
CA_1,HOBBIES_1_008,11305,0.46
CA_1,HOBBIES_1_008,11306,0.46
CA_1,HOBBIES_1_008,11307,0.46
CA_1,HOBBIES_1_008,11308,0.46
CA_1,HOBBIES_1_008,11309,0.46
CA_1,HOBBIES_1_008,11310,0.46
CA_1,HOBBIES_1_008,11311,0.46
CA_1,HOBBIES_1_008,11312,0.46
CA_1,HOBBIES_1_008,11313,0.46
CA_1,HOBBIES_1_008,11314,0.46
CA_1,HOBBIES_1_008,11315,0.46
CA_1,HOBBIES_1_008,11316,0.46
CA_1,HOBBIES_1_008,11317,0.46
CA_1,HOBBIES_1_008,11318,0.46
CA_1,HOBBIES_1_008,11319,0.46
CA_1,HOBBIES_1_008,11320,0.46
CA_1,HOBBIES_1_008,11321,0.46
CA_1,HOBBIES_1_008,11322,0.46
CA_1,HOBBIES_1_008,11323,0.46
CA_1,HOBBIES_1_008,11324,0.46
CA_1,HOBBIES_1_008,11325,0.46
CA_1,HOBBIES_1_008,11326,0.46
CA_1,HOBBIES_1_008,11327,0.46
CA_1,HOBBIES_1_008,11328,0.46
CA_1,HOBBIES_1_008,11329,0.46
CA_1,HOBBIES_1_008,11330,0.46
CA_1,HOBBIES_1_008,11331,0.46
CA_1,HOBBIES_1_008,11332,0.46
CA_1,HOBBIES_1_008,11333,0.46
CA_1,HOBBIES_1_008,11334,0.46
CA_1,HOBBIES_1_008,11335,0.46
CA_1,HOBBIES_1_008,11336,0.46
CA_1,HOBBIES_1_008,11337,0.46
CA_1,HOBBIES_1_008,11338,0.46
CA_1,HOBBIES_1_008,11339,0.46
CA_1,HOBBIES_1_008,11340,0.46
CA_1,HOBBIES_1_008,11341,0.46
CA_1,HOBBIES_1_008,11342,0.46
CA_1,HOBBIES_1_008,11343,0.46
CA_1,HOBBIES_1_008,11344,0.46
CA_1,HOBBIES_1_008,11345,0.46
CA_1,HOBBIES_1_008,11346,0.46
CA_1,HOBBIES_1_008,11347,0.46
CA_1,HOBBIES_1_008,11348,0.46
CA_1,HOBBIES_1_008,11349,0.46
CA_1,HOBBIES_1_008,11350,0.46
CA_1,HOBBIES_1_008,11351,0.46
CA_1,HOBBIES_1_008,11352,0.46
CA_1,HOBBIES_1_008,11353,0.46
CA_1,HOBBIES_1_008,11401,0.46
CA_1,HOBBIES_1_008,11402,0.46
CA_1,HOBBIES_1_008,11403,0.46
CA_1,HOBBIES_1_008,11404,0.46
CA_1,HOBBIES_1_008,11405,0.46
CA_1,HOBBIES_1_008,11406,0.46
CA_1,HOBBIES_1_008,11407,0.46
CA_1,HOBBIES_1_008,11408,0.46
CA_1,HOBBIES_1_008,11409,0.46
CA_1,HOBBIES_1_008,11410,0.46
CA_1,HOBBIES_1_008,11411,0.46
CA_1,HOBBIES_1_008,11412,0.46
CA_1,HOBBIES_1_008,11413,0.46
CA_1,HOBBIES_1_008,11414,0.46
CA_1,HOBBIES_1_008,11415,0.46
CA_1,HOBBIES_1_008,11416,0.46
CA_1,HOBBIES_1_008,11417,0.46
CA_1,HOBBIES_1_008,11418,0.46
CA_1,HOBBIES_1_008,11419,0.46
CA_1,HOBBIES_1_008,11420,0.46
CA_1,HOBBIES_1_008,11421,0.46
CA_1,HOBBIES_1_008,11422,0.46
CA_1,HOBBIES_1_008,11423,0.46
CA_1,HOBBIES_1_008,11424,0.46
CA_1,HOBBIES_1_008,11425,0.46
CA_1,HOBBIES_1_008,11426,0.46
CA_1,HOBBIES_1_008,11427,0.46
CA_1,HOBBIES_1_008,11428,0.46
CA_1,HOBBIES_1_008,11429,0.46
CA_1,HOBBIES_1_008,11430,0.46
CA_1,HOBBIES_1_008,11431,0.46
CA_1,HOBBIES_1_008,11432,0.46
CA_1,HOBBIES_1_008,11433,0.46
CA_1,HOBBIES_1_008,11434,0.46
CA_1,HOBBIES_1_008,11435,0.46
CA_1,HOBBIES_1_008,11436,0.46
CA_1,HOBBIES_1_008,11437,0.46
CA_1,HOBBIES_1_008,11438,0.46
CA_1,HOBBIES_1_008,11439,0.46
CA_1,HOBBIES_1_008,11440,0.46
CA_1,HOBBIES_1_008,11441,0.46
CA_1,HOBBIES_1_008,11442,0.46
CA_1,HOBBIES_1_008,11443,0.46
CA_1,HOBBIES_1_008,11444,0.46
CA_1,HOBBIES_1_008,11445,0.46
CA_1,HOBBIES_1_008,11446,0.46
CA_1,HOBBIES_1_008,11447,0.46
CA_1,HOBBIES_1_008,11448,0.46
CA_1,HOBBIES_1_008,11449,0.46
CA_1,HOBBIES_1_008,11450,0.46
CA_1,HOBBIES_1_008,11451,0.46
CA_1,HOBBIES_1_008,11452,0.46
CA_1,HOBBIES_1_008,11501,0.46
CA_1,HOBBIES_1_008,11502,0.46
CA_1,HOBBIES_1_008,11503,0.46
CA_1,HOBBIES_1_008,11504,0.46
CA_1,HOBBIES_1_008,11505,0.46
CA_1,HOBBIES_1_008,11506,0.46
CA_1,HOBBIES_1_008,11507,0.46
CA_1,HOBBIES_1_008,11508,0.46
CA_1,HOBBIES_1_008,11509,0.46
CA_1,HOBBIES_1_008,11510,0.46
CA_1,HOBBIES_1_008,11511,0.46
CA_1,HOBBIES_1_008,11512,0.48
CA_1,HOBBIES_1_008,11513,0.48
CA_1,HOBBIES_1_008,11514,0.48
CA_1,HOBBIES_1_008,11515,0.48
CA_1,HOBBIES_1_008,11516,0.48
CA_1,HOBBIES_1_008,11517,0.48
CA_1,HOBBIES_1_008,11518,0.48
CA_1,HOBBIES_1_008,11519,0.48
CA_1,HOBBIES_1_008,11520,0.48
CA_1,HOBBIES_1_008,11521,0.48
CA_1,HOBBIES_1_008,11522,0.48
CA_1,HOBBIES_1_008,11523,0.48
CA_1,HOBBIES_1_008,11524,0.48
CA_1,HOBBIES_1_008,11525,0.48
CA_1,HOBBIES_1_008,11526,0.48
CA_1,HOBBIES_1_008,11527,0.48
CA_1,HOBBIES_1_008,11528,0.48
CA_1,HOBBIES_1_008,11529,0.48
CA_1,HOBBIES_1_008,11530,0.48
CA_1,HOBBIES_1_008,11531,0.48
CA_1,HOBBIES_1_008,11532,0.48
CA_1,HOBBIES_1_008,11533,0.48
CA_1,HOBBIES_1_008,11534,0.48
CA_1,HOBBIES_1_008,11535,0.48
CA_1,HOBBIES_1_008,11536,0.48
CA_1,HOBBIES_1_008,11537,0.48
CA_1,HOBBIES_1_008,11538,0.48
CA_1,HOBBIES_1_008,11539,0.48
CA_1,HOBBIES_1_008,11540,0.48
CA_1,HOBBIES_1_008,11541,0.48
CA_1,HOBBIES_1_008,11542,0.48
CA_1,HOBBIES_1_008,11543,0.48
CA_1,HOBBIES_1_008,11544,0.48
CA_1,HOBBIES_1_008,11545,0.48
CA_1,HOBBIES_1_008,11546,0.48
CA_1,HOBBIES_1_008,11547,0.48
CA_1,HOBBIES_1_008,11548,0.48
CA_1,HOBBIES_1_008,11549,0.48
CA_1,HOBBIES_1_008,11550,0.48
CA_1,HOBBIES_1_008,11551,0.48
CA_1,HOBBIES_1_008,11552,0.48
CA_1,HOBBIES_1_008,11601,0.48
CA_1,HOBBIES_1_008,11602,0.48
CA_1,HOBBIES_1_008,11603,0.48
CA_1,HOBBIES_1_008,11604,0.48
CA_1,HOBBIES_1_008,11605,0.48
CA_1,HOBBIES_1_008,11606,0.48
CA_1,HOBBIES_1_008,11607,0.48
CA_1,HOBBIES_1_008,11608,0.48
CA_1,HOBBIES_1_008,11609,0.48
CA_1,HOBBIES_1_008,11610,0.48
CA_1,HOBBIES_1_008,11611,0.48
CA_1,HOBBIES_1_008,11612,0.48
CA_1,HOBBIES_1_008,11613,0.48
CA_1,HOBBIES_1_008,11614,0.48
CA_1,HOBBIES_1_008,11615,0.48
CA_1,HOBBIES_1_008,11616,0.48
CA_1,HOBBIES_1_008,11617,0.48
CA_1,HOBBIES_1_008,11618,0.48
CA_1,HOBBIES_1_008,11619,0.48
CA_1,HOBBIES_1_008,11620,0.48
CA_1,HOBBIES_1_008,11621,0.48
CA_1,HOBBIES_1_009,11101,1.56
CA_1,HOBBIES_1_009,11102,1.56
CA_1,HOBBIES_1_009,11103,1.56
CA_1,HOBBIES_1_009,11104,1.56
CA_1,HOBBIES_1_009,11105,1.56
CA_1,HOBBIES_1_009,11106,1.56
CA_1,HOBBIES_1_009,11107,1.56
CA_1,HOBBIES_1_009,11108,1.77
CA_1,HOBBIES_1_009,11109,1.77
CA_1,HOBBIES_1_009,11110,1.77
CA_1,HOBBIES_1_009,11111,1.77
CA_1,HOBBIES_1_009,11112,1.77
CA_1,HOBBIES_1_009,11113,1.77
CA_1,HOBBIES_1_009,11114,1.77
CA_1,HOBBIES_1_009,11115,1.77
CA_1,HOBBIES_1_009,11116,1.77
CA_1,HOBBIES_1_009,11117,1.77
CA_1,HOBBIES_1_009,11118,1.77
CA_1,HOBBIES_1_009,11119,1.77
CA_1,HOBBIES_1_009,11120,1.77
CA_1,HOBBIES_1_009,11121,1.77
CA_1,HOBBIES_1_009,11122,1.77
CA_1,HOBBIES_1_009,11123,1.77
CA_1,HOBBIES_1_009,11124,1.77
CA_1,HOBBIES_1_009,11125,1.77
CA_1,HOBBIES_1_009,11126,1.77
CA_1,HOBBIES_1_009,11127,1.77
CA_1,HOBBIES_1_009,11128,1.77
CA_1,HOBBIES_1_009,11129,1.77
CA_1,HOBBIES_1_009,11130,1.77
CA_1,HOBBIES_1_009,11131,1.77
CA_1,HOBBIES_1_009,11132,1.77
CA_1,HOBBIES_1_009,11133,1.77
CA_1,HOBBIES_1_009,11134,1.77
CA_1,HOBBIES_1_009,11135,1.77
CA_1,HOBBIES_1_009,11136,1.77
CA_1,HOBBIES_1_009,11137,1.77
CA_1,HOBBIES_1_009,11138,1.77
CA_1,HOBBIES_1_009,11139,1.77
CA_1,HOBBIES_1_009,11140,1.77
CA_1,HOBBIES_1_009,11141,1.77
CA_1,HOBBIES_1_009,11142,1.77
CA_1,HOBBIES_1_009,11143,1.77
CA_1,HOBBIES_1_009,11144,1.77
CA_1,HOBBIES_1_009,11145,1.77
CA_1,HOBBIES_1_009,11146,1.77
CA_1,HOBBIES_1_009,11147,1.77
CA_1,HOBBIES_1_009,11148,1.77
CA_1,HOBBIES_1_009,11149,1.77
CA_1,HOBBIES_1_009,11150,1.77
CA_1,HOBBIES_1_009,11151,1.77
CA_1,HOBBIES_1_009,11152,1.77
CA_1,HOBBIES_1_009,11201,1.77
CA_1,HOBBIES_1_009,11202,1.77
CA_1,HOBBIES_1_009,11203,1.77
CA_1,HOBBIES_1_009,11204,1.77
CA_1,HOBBIES_1_009,11205,1.77
CA_1,HOBBIES_1_009,11206,1.77
CA_1,HOBBIES_1_009,11207,1.77
CA_1,HOBBIES_1_009,11208,1.77
CA_1,HOBBIES_1_009,11209,1.77
CA_1,HOBBIES_1_009,11210,1.77
CA_1,HOBBIES_1_009,11211,1.77
CA_1,HOBBIES_1_009,11212,1.77
CA_1,HOBBIES_1_009,11213,1.77
CA_1,HOBBIES_1_009,11214,1.77
CA_1,HOBBIES_1_009,11215,1.77
CA_1,HOBBIES_1_009,11216,1.77
CA_1,HOBBIES_1_009,11217,1.77
CA_1,HOBBIES_1_009,11218,1.77
CA_1,HOBBIES_1_009,11219,1.77
CA_1,HOBBIES_1_009,11220,1.77
CA_1,HOBBIES_1_009,11221,1.77
CA_1,HOBBIES_1_009,11222,1.77
CA_1,HOBBIES_1_009,11223,1.77
CA_1,HOBBIES_1_009,11224,1.77
CA_1,HOBBIES_1_009,11225,1.77
CA_1,HOBBIES_1_009,11226,1.77
CA_1,HOBBIES_1_009,11227,1.77
CA_1,HOBBIES_1_009,11228,1.77
CA_1,HOBBIES_1_009,11229,1.77
CA_1,HOBBIES_1_009,11230,1.77
CA_1,HOBBIES_1_009,11231,1.77
CA_1,HOBBIES_1_009,11232,1.77
CA_1,HOBBIES_1_009,11233,1.77
CA_1,HOBBIES_1_009,11234,1.77
CA_1,HOBBIES_1_009,11235,1.77
CA_1,HOBBIES_1_009,11236,1.77
CA_1,HOBBIES_1_009,11237,1.77
CA_1,HOBBIES_1_009,11238,1.77
CA_1,HOBBIES_1_009,11239,1.77
CA_1,HOBBIES_1_009,11240,1.77
CA_1,HOBBIES_1_009,11241,1.77
CA_1,HOBBIES_1_009,11242,1.77
CA_1,HOBBIES_1_009,11243,1.77
CA_1,HOBBIES_1_009,11244,1.77
CA_1,HOBBIES_1_009,11245,1.77
CA_1,HOBBIES_1_009,11246,1.77
CA_1,HOBBIES_1_009,11247,1.77
CA_1,HOBBIES_1_009,11248,1.77
CA_1,HOBBIES_1_009,11249,1.77
CA_1,HOBBIES_1_009,11250,1.77
CA_1,HOBBIES_1_009,11251,1.77
CA_1,HOBBIES_1_009,11252,1.77
CA_1,HOBBIES_1_009,11301,1.77
CA_1,HOBBIES_1_009,11302,1.77
CA_1,HOBBIES_1_009,11303,1.77
CA_1,HOBBIES_1_009,11304,1.77
CA_1,HOBBIES_1_009,11305,1.77
CA_1,HOBBIES_1_009,11306,1.77
CA_1,HOBBIES_1_009,11307,1.77
CA_1,HOBBIES_1_009,11308,1.77
CA_1,HOBBIES_1_009,11309,1.77
CA_1,HOBBIES_1_009,11310,1.77
CA_1,HOBBIES_1_009,11311,1.77
CA_1,HOBBIES_1_009,11312,1.77
CA_1,HOBBIES_1_009,11313,1.77
CA_1,HOBBIES_1_009,11314,1.77
CA_1,HOBBIES_1_009,11315,1.77
CA_1,HOBBIES_1_009,11316,1.77
CA_1,HOBBIES_1_009,11317,1.77
CA_1,HOBBIES_1_009,11318,1.77
CA_1,HOBBIES_1_009,11319,1.77
CA_1,HOBBIES_1_009,11320,1.77
CA_1,HOBBIES_1_009,11321,1.77
CA_1,HOBBIES_1_009,11322,1.77
CA_1,HOBBIES_1_009,11323,1.77
CA_1,HOBBIES_1_009,11324,1.77
CA_1,HOBBIES_1_009,11325,1.77
CA_1,HOBBIES_1_009,11326,1.77
CA_1,HOBBIES_1_009,11327,1.77
CA_1,HOBBIES_1_009,11328,1.77
CA_1,HOBBIES_1_009,11329,1.77
CA_1,HOBBIES_1_009,11330,1.77
CA_1,HOBBIES_1_009,11331,1.77
CA_1,HOBBIES_1_009,11332,1.77
CA_1,HOBBIES_1_009,11333,1.77
CA_1,HOBBIES_1_009,11334,1.77
CA_1,HOBBIES_1_009,11335,1.77
CA_1,HOBBIES_1_009,11336,1.77
CA_1,HOBBIES_1_009,11337,1.77
CA_1,HOBBIES_1_009,11338,1.77
CA_1,HOBBIES_1_009,11339,1.77
CA_1,HOBBIES_1_009,11340,1.77
CA_1,HOBBIES_1_009,11341,1.77
CA_1,HOBBIES_1_009,11342,1.77
CA_1,HOBBIES_1_009,11343,1.77
CA_1,HOBBIES_1_009,11344,1.77
CA_1,HOBBIES_1_009,11345,1.77
CA_1,HOBBIES_1_009,11346,1.77
CA_1,HOBBIES_1_009,11347,1.77
CA_1,HOBBIES_1_009,11348,1.77
CA_1,HOBBIES_1_009,11349,1.77
CA_1,HOBBIES_1_009,11350,1.77
CA_1,HOBBIES_1_009,11351,1.77
CA_1,HOBBIES_1_009,11352,1.77
CA_1,HOBBIES_1_009,11353,1.77
CA_1,HOBBIES_1_009,11401,1.77
CA_1,HOBBIES_1_009,11402,1.77
CA_1,HOBBIES_1_009,11403,1.77
CA_1,HOBBIES_1_009,11404,1.77
CA_1,HOBBIES_1_009,11405,1.77
CA_1,HOBBIES_1_009,11406,1.77
CA_1,HOBBIES_1_009,11407,1.77
CA_1,HOBBIES_1_009,11408,1.77
CA_1,HOBBIES_1_009,11409,1.77
CA_1,HOBBIES_1_009,11410,1.77
CA_1,HOBBIES_1_009,11411,1.77
CA_1,HOBBIES_1_009,11412,1.77
CA_1,HOBBIES_1_009,11413,1.77
CA_1,HOBBIES_1_009,11414,1.77
CA_1,HOBBIES_1_009,11415,1.77
CA_1,HOBBIES_1_009,11416,1.77
CA_1,HOBBIES_1_009,11417,1.77
CA_1,HOBBIES_1_009,11418,1.77
CA_1,HOBBIES_1_009,11419,1.77
CA_1,HOBBIES_1_009,11420,1.77
CA_1,HOBBIES_1_009,11421,1.77
CA_1,HOBBIES_1_009,11422,1.77
CA_1,HOBBIES_1_009,11423,1.77
CA_1,HOBBIES_1_009,11424,1.77
CA_1,HOBBIES_1_009,11425,1.77
CA_1,HOBBIES_1_009,11426,1.77
CA_1,HOBBIES_1_009,11427,1.77
CA_1,HOBBIES_1_009,11428,1.77
CA_1,HOBBIES_1_009,11429,1.77
CA_1,HOBBIES_1_009,11430,1.77
CA_1,HOBBIES_1_009,11431,1.77
CA_1,HOBBIES_1_009,11432,1.77
CA_1,HOBBIES_1_009,11433,1.77
CA_1,HOBBIES_1_009,11434,1.77
CA_1,HOBBIES_1_009,11435,1.77
CA_1,HOBBIES_1_009,11436,1.77
CA_1,HOBBIES_1_009,11437,1.77
CA_1,HOBBIES_1_009,11438,1.77
CA_1,HOBBIES_1_009,11439,1.77
CA_1,HOBBIES_1_009,11440,1.77
CA_1,HOBBIES_1_009,11441,1.77
CA_1,HOBBIES_1_009,11442,1.77
CA_1,HOBBIES_1_009,11443,1.77
CA_1,HOBBIES_1_009,11444,1.77
CA_1,HOBBIES_1_009,11445,1.77
CA_1,HOBBIES_1_009,11446,1.77
CA_1,HOBBIES_1_009,11447,1.77
CA_1,HOBBIES_1_009,11448,1.77
CA_1,HOBBIES_1_009,11449,1.77
CA_1,HOBBIES_1_009,11450,1.77
CA_1,HOBBIES_1_009,11451,1.77
CA_1,HOBBIES_1_009,11452,1.77
CA_1,HOBBIES_1_009,11501,1.77
CA_1,HOBBIES_1_009,11502,1.77
CA_1,HOBBIES_1_009,11503,1.77
CA_1,HOBBIES_1_009,11504,1.77
CA_1,HOBBIES_1_009,11505,1.77
CA_1,HOBBIES_1_009,11506,1.77
CA_1,HOBBIES_1_009,11507,1.77
CA_1,HOBBIES_1_009,11508,1.77
CA_1,HOBBIES_1_009,11509,1.77
CA_1,HOBBIES_1_009,11510,1.77
CA_1,HOBBIES_1_009,11511,1.77
CA_1,HOBBIES_1_009,11512,1.77
CA_1,HOBBIES_1_009,11513,1.77
CA_1,HOBBIES_1_009,11514,1.77
CA_1,HOBBIES_1_009,11515,1.77
CA_1,HOBBIES_1_009,11516,1.77
CA_1,HOBBIES_1_009,11517,1.77
CA_1,HOBBIES_1_009,11518,1.77
CA_1,HOBBIES_1_009,11519,1.77
CA_1,HOBBIES_1_009,11520,1.77
CA_1,HOBBIES_1_009,11521,1.77
CA_1,HOBBIES_1_009,11522,1.77
CA_1,HOBBIES_1_009,11523,1.77
CA_1,HOBBIES_1_009,11524,1.77
CA_1,HOBBIES_1_009,11525,1.77
CA_1,HOBBIES_1_009,11526,1.77
CA_1,HOBBIES_1_009,11527,1.77
CA_1,HOBBIES_1_009,11528,1.77
CA_1,HOBBIES_1_009,11529,1.77
CA_1,HOBBIES_1_009,11530,1.77
CA_1,HOBBIES_1_009,11531,1.77
CA_1,HOBBIES_1_009,11532,1.77
CA_1,HOBBIES_1_009,11533,1.77
CA_1,HOBBIES_1_009,11534,1.77
CA_1,HOBBIES_1_009,11535,1.77
CA_1,HOBBIES_1_009,11536,1.77
CA_1,HOBBIES_1_009,11537,1.77
CA_1,HOBBIES_1_009,11538,1.77
CA_1,HOBBIES_1_009,11539,1.77
CA_1,HOBBIES_1_009,11540,1.77
CA_1,HOBBIES_1_009,11541,1.77
CA_1,HOBBIES_1_009,11542,1.77
CA_1,HOBBIES_1_009,11543,1.77
CA_1,HOBBIES_1_009,11544,1.77
CA_1,HOBBIES_1_009,11545,1.77
CA_1,HOBBIES_1_009,11546,1.77
CA_1,HOBBIES_1_009,11547,1.77
CA_1,HOBBIES_1_009,11548,1.77
CA_1,HOBBIES_1_009,11549,1.77
CA_1,HOBBIES_1_009,11550,1.77
CA_1,HOBBIES_1_009,11551,1.77
CA_1,HOBBIES_1_009,11552,1.77
CA_1,HOBBIES_1_009,11601,1.77
CA_1,HOBBIES_1_009,11602,1.77
CA_1,HOBBIES_1_009,11603,1.77
CA_1,HOBBIES_1_009,11604,1.77
CA_1,HOBBIES_1_009,11605,1.77
CA_1,HOBBIES_1_009,11606,1.77
CA_1,HOBBIES_1_009,11607,1.77
CA_1,HOBBIES_1_009,11608,1.77
CA_1,HOBBIES_1_009,11609,1.77
CA_1,HOBBIES_1_009,11610,1.77
CA_1,HOBBIES_1_009,11611,1.77
CA_1,HOBBIES_1_009,11612,1.77
CA_1,HOBBIES_1_009,11613,1.77
CA_1,HOBBIES_1_009,11614,1.77
CA_1,HOBBIES_1_009,11615,1.77
CA_1,HOBBIES_1_009,11616,1.77
CA_1,HOBBIES_1_009,11617,1.77
CA_1,HOBBIES_1_009,11618,1.77
CA_1,HOBBIES_1_009,11619,1.77
CA_1,HOBBIES_1_009,11620,1.77
CA_1,HOBBIES_1_009,11621,1.77
CA_1,HOBBIES_1_010,11101,3.17
CA_1,HOBBIES_1_010,11102,3.17
CA_1,HOBBIES_1_010,11103,3.17
CA_1,HOBBIES_1_010,11104,3.17
CA_1,HOBBIES_1_010,11105,3.17
CA_1,HOBBIES_1_010,11106,3.17
CA_1,HOBBIES_1_010,11107,3.17
CA_1,HOBBIES_1_010,11108,3.17
CA_1,HOBBIES_1_010,11109,3.17
CA_1,HOBBIES_1_010,11110,3.17
CA_1,HOBBIES_1_010,11111,3.17
CA_1,HOBBIES_1_010,11112,3.17
CA_1,HOBBIES_1_010,11113,3.17
CA_1,HOBBIES_1_010,11114,3.17
CA_1,HOBBIES_1_010,11115,3.17
CA_1,HOBBIES_1_010,11116,3.17
CA_1,HOBBIES_1_010,11117,2.97
CA_1,HOBBIES_1_010,11118,2.97
CA_1,HOBBIES_1_010,11119,2.97
CA_1,HOBBIES_1_010,11120,2.97
CA_1,HOBBIES_1_010,11121,2.97
CA_1,HOBBIES_1_010,11122,2.97
CA_1,HOBBIES_1_010,11123,2.97
CA_1,HOBBIES_1_010,11124,2.97
CA_1,HOBBIES_1_010,11125,2.97
CA_1,HOBBIES_1_010,11126,2.97
CA_1,HOBBIES_1_010,11127,2.97
CA_1,HOBBIES_1_010,11128,2.97
CA_1,HOBBIES_1_010,11129,2.97
CA_1,HOBBIES_1_010,11130,2.97
CA_1,HOBBIES_1_010,11131,2.97
CA_1,HOBBIES_1_010,11132,2.97
CA_1,HOBBIES_1_010,11133,2.97
CA_1,HOBBIES_1_010,11134,2.97
CA_1,HOBBIES_1_010,11135,2.97
CA_1,HOBBIES_1_010,11136,2.97
CA_1,HOBBIES_1_010,11137,2.97
CA_1,HOBBIES_1_010,11138,2.97
CA_1,HOBBIES_1_010,11139,2.97
CA_1,HOBBIES_1_010,11140,2.97
CA_1,HOBBIES_1_010,11141,2.97
CA_1,HOBBIES_1_010,11142,2.97
CA_1,HOBBIES_1_010,11143,2.97
CA_1,HOBBIES_1_010,11144,2.97
CA_1,HOBBIES_1_010,11145,2.97
CA_1,HOBBIES_1_010,11146,2.97
CA_1,HOBBIES_1_010,11147,2.97
CA_1,HOBBIES_1_010,11148,2.97
CA_1,HOBBIES_1_010,11149,2.97
CA_1,HOBBIES_1_010,11150,2.97
CA_1,HOBBIES_1_010,11151,2.97
CA_1,HOBBIES_1_010,11152,2.97
CA_1,HOBBIES_1_010,11201,2.97
CA_1,HOBBIES_1_010,11202,2.97
CA_1,HOBBIES_1_010,11203,2.97
CA_1,HOBBIES_1_010,11204,2.97
CA_1,HOBBIES_1_010,11205,2.97
CA_1,HOBBIES_1_010,11206,2.97
CA_1,HOBBIES_1_010,11207,2.97
CA_1,HOBBIES_1_010,11208,2.97
CA_1,HOBBIES_1_010,11209,2.97
CA_1,HOBBIES_1_010,11210,2.97
CA_1,HOBBIES_1_010,11211,2.97
CA_1,HOBBIES_1_010,11212,2.97
CA_1,HOBBIES_1_010,11213,2.97
CA_1,HOBBIES_1_010,11214,2.97
CA_1,HOBBIES_1_010,11215,2.97
CA_1,HOBBIES_1_010,11216,2.97
CA_1,HOBBIES_1_010,11217,2.97
CA_1,HOBBIES_1_010,11218,2.97
CA_1,HOBBIES_1_010,11219,2.97
CA_1,HOBBIES_1_010,11220,2.97
CA_1,HOBBIES_1_010,11221,2.97
CA_1,HOBBIES_1_010,11222,2.97
CA_1,HOBBIES_1_010,11223,2.97
CA_1,HOBBIES_1_010,11224,2.97
CA_1,HOBBIES_1_010,11225,2.97
CA_1,HOBBIES_1_010,11226,2.97
CA_1,HOBBIES_1_010,11227,2.97
CA_1,HOBBIES_1_010,11228,2.97
CA_1,HOBBIES_1_010,11229,2.97
CA_1,HOBBIES_1_010,11230,2.97
CA_1,HOBBIES_1_010,11231,2.97
CA_1,HOBBIES_1_010,11232,2.97
CA_1,HOBBIES_1_010,11233,2.97
CA_1,HOBBIES_1_010,11234,2.97
CA_1,HOBBIES_1_010,11235,2.97
CA_1,HOBBIES_1_010,11236,2.97
CA_1,HOBBIES_1_010,11237,2.97
CA_1,HOBBIES_1_010,11238,2.97
CA_1,HOBBIES_1_010,11239,2.97
CA_1,HOBBIES_1_010,11240,2.97
CA_1,HOBBIES_1_010,11241,2.97
CA_1,HOBBIES_1_010,11242,2.97
CA_1,HOBBIES_1_010,11243,2.97
CA_1,HOBBIES_1_010,11244,2.97
CA_1,HOBBIES_1_010,11245,2.97
CA_1,HOBBIES_1_010,11246,2.97
CA_1,HOBBIES_1_010,11247,2.97
CA_1,HOBBIES_1_010,11248,2.97
CA_1,HOBBIES_1_010,11249,2.97
CA_1,HOBBIES_1_010,11250,2.97
CA_1,HOBBIES_1_010,11251,2.97
CA_1,HOBBIES_1_010,11252,2.97
CA_1,HOBBIES_1_010,11301,2.97
CA_1,HOBBIES_1_010,11302,2.97
CA_1,HOBBIES_1_010,11303,2.97
CA_1,HOBBIES_1_010,11304,2.97
CA_1,HOBBIES_1_010,11305,2.97
CA_1,HOBBIES_1_010,11306,2.97
CA_1,HOBBIES_1_010,11307,2.97
CA_1,HOBBIES_1_010,11308,2.97
CA_1,HOBBIES_1_010,11309,2.97
CA_1,HOBBIES_1_010,11310,2.97
CA_1,HOBBIES_1_010,11311,2.97
CA_1,HOBBIES_1_010,11312,2.97
CA_1,HOBBIES_1_010,11313,2.97
CA_1,HOBBIES_1_010,11314,2.97
CA_1,HOBBIES_1_010,11315,2.97
CA_1,HOBBIES_1_010,11316,2.97
CA_1,HOBBIES_1_010,11317,2.97
CA_1,HOBBIES_1_010,11318,2.97
CA_1,HOBBIES_1_010,11319,2.97
CA_1,HOBBIES_1_010,11320,2.97
CA_1,HOBBIES_1_010,11321,2.97
CA_1,HOBBIES_1_010,11322,2.97
CA_1,HOBBIES_1_010,11323,2.97
CA_1,HOBBIES_1_010,11324,2.97
CA_1,HOBBIES_1_010,11325,2.97
CA_1,HOBBIES_1_010,11326,2.97
CA_1,HOBBIES_1_010,11327,2.97
CA_1,HOBBIES_1_010,11328,2.97
CA_1,HOBBIES_1_010,11329,2.97
CA_1,HOBBIES_1_010,11330,2.97
CA_1,HOBBIES_1_010,11331,2.97
CA_1,HOBBIES_1_010,11332,2.97
CA_1,HOBBIES_1_010,11333,2.97
CA_1,HOBBIES_1_010,11334,2.97
CA_1,HOBBIES_1_010,11335,2.97
CA_1,HOBBIES_1_010,11336,2.97
CA_1,HOBBIES_1_010,11337,2.97
CA_1,HOBBIES_1_010,11338,2.97
CA_1,HOBBIES_1_010,11339,2.97
CA_1,HOBBIES_1_010,11340,2.97
CA_1,HOBBIES_1_010,11341,2.97
CA_1,HOBBIES_1_010,11342,2.97
CA_1,HOBBIES_1_010,11343,2.97
CA_1,HOBBIES_1_010,11344,2.97
CA_1,HOBBIES_1_010,11345,2.97
CA_1,HOBBIES_1_010,11346,2.97
CA_1,HOBBIES_1_010,11347,2.97
CA_1,HOBBIES_1_010,11348,2.97
CA_1,HOBBIES_1_010,11349,2.97
CA_1,HOBBIES_1_010,11350,2.97
CA_1,HOBBIES_1_010,11351,2.97
CA_1,HOBBIES_1_010,11352,2.97
CA_1,HOBBIES_1_010,11353,2.97
CA_1,HOBBIES_1_010,11401,2.97
CA_1,HOBBIES_1_010,11402,2.97
CA_1,HOBBIES_1_010,11403,2.97
CA_1,HOBBIES_1_010,11404,2.97
CA_1,HOBBIES_1_010,11405,2.97
CA_1,HOBBIES_1_010,11406,2.97
CA_1,HOBBIES_1_010,11407,2.97
CA_1,HOBBIES_1_010,11408,2.97
CA_1,HOBBIES_1_010,11409,2.97
CA_1,HOBBIES_1_010,11410,2.97
CA_1,HOBBIES_1_010,11411,2.97
CA_1,HOBBIES_1_010,11412,2.97
CA_1,HOBBIES_1_010,11413,2.97
CA_1,HOBBIES_1_010,11414,2.97
CA_1,HOBBIES_1_010,11415,2.97
CA_1,HOBBIES_1_010,11416,2.97
CA_1,HOBBIES_1_010,11417,2.97
CA_1,HOBBIES_1_010,11418,2.97
CA_1,HOBBIES_1_010,11419,2.97
CA_1,HOBBIES_1_010,11420,2.97
CA_1,HOBBIES_1_010,11421,2.97
CA_1,HOBBIES_1_010,11422,2.97
CA_1,HOBBIES_1_010,11423,2.97
CA_1,HOBBIES_1_010,11424,2.97
CA_1,HOBBIES_1_010,11425,2.97
CA_1,HOBBIES_1_010,11426,2.97
CA_1,HOBBIES_1_010,11427,2.97
CA_1,HOBBIES_1_010,11428,2.97
CA_1,HOBBIES_1_010,11429,2.97
CA_1,HOBBIES_1_010,11430,2.97
CA_1,HOBBIES_1_010,11431,2.97
CA_1,HOBBIES_1_010,11432,2.97
CA_1,HOBBIES_1_010,11433,2.97
CA_1,HOBBIES_1_010,11434,2.97
CA_1,HOBBIES_1_010,11435,2.97
CA_1,HOBBIES_1_010,11436,2.97
CA_1,HOBBIES_1_010,11437,2.97
CA_1,HOBBIES_1_010,11438,2.97
CA_1,HOBBIES_1_010,11439,2.97
CA_1,HOBBIES_1_010,11440,2.97
CA_1,HOBBIES_1_010,11441,2.97
CA_1,HOBBIES_1_010,11442,2.97
CA_1,HOBBIES_1_010,11443,2.97
CA_1,HOBBIES_1_010,11444,2.97
CA_1,HOBBIES_1_010,11445,2.97
CA_1,HOBBIES_1_010,11446,2.97
CA_1,HOBBIES_1_010,11447,2.97
CA_1,HOBBIES_1_010,11448,2.97
CA_1,HOBBIES_1_010,11449,2.97
CA_1,HOBBIES_1_010,11450,2.97
CA_1,HOBBIES_1_010,11451,2.97
CA_1,HOBBIES_1_010,11452,2.97
CA_1,HOBBIES_1_010,11501,2.97
CA_1,HOBBIES_1_010,11502,2.97
CA_1,HOBBIES_1_010,11503,2.97
CA_1,HOBBIES_1_010,11504,2.97
CA_1,HOBBIES_1_010,11505,2.97
CA_1,HOBBIES_1_010,11506,2.97
CA_1,HOBBIES_1_010,11507,2.97
CA_1,HOBBIES_1_010,11508,2.97
CA_1,HOBBIES_1_010,11509,2.97
CA_1,HOBBIES_1_010,11510,2.97
CA_1,HOBBIES_1_010,11511,2.97
CA_1,HOBBIES_1_010,11512,2.97
CA_1,HOBBIES_1_010,11513,2.97
CA_1,HOBBIES_1_010,11514,2.97
CA_1,HOBBIES_1_010,11515,2.97
CA_1,HOBBIES_1_010,11516,2.97
CA_1,HOBBIES_1_010,11517,2.97
CA_1,HOBBIES_1_010,11518,2.97
CA_1,HOBBIES_1_010,11519,2.97
CA_1,HOBBIES_1_010,11520,2.97
CA_1,HOBBIES_1_010,11521,2.97
CA_1,HOBBIES_1_010,11522,2.97
CA_1,HOBBIES_1_010,11523,2.97
CA_1,HOBBIES_1_010,11524,2.97
CA_1,HOBBIES_1_010,11525,2.97
CA_1,HOBBIES_1_010,11526,2.97
CA_1,HOBBIES_1_010,11527,2.97
CA_1,HOBBIES_1_010,11528,2.97
CA_1,HOBBIES_1_010,11529,2.97
CA_1,HOBBIES_1_010,11530,2.97
CA_1,HOBBIES_1_010,11531,2.97
CA_1,HOBBIES_1_010,11532,2.97
CA_1,HOBBIES_1_010,11533,2.97
CA_1,HOBBIES_1_010,11534,2.97
CA_1,HOBBIES_1_010,11535,2.97
CA_1,HOBBIES_1_010,11536,2.97
CA_1,HOBBIES_1_010,11537,2.97
CA_1,HOBBIES_1_010,11538,2.97
CA_1,HOBBIES_1_010,11539,2.97
CA_1,HOBBIES_1_010,11540,2.97
CA_1,HOBBIES_1_010,11541,2.97
CA_1,HOBBIES_1_010,11542,2.97
CA_1,HOBBIES_1_010,11543,2.97
CA_1,HOBBIES_1_010,11544,2.97
CA_1,HOBBIES_1_010,11545,2.97
CA_1,HOBBIES_1_010,11546,2.97
CA_1,HOBBIES_1_010,11547,2.97
CA_1,HOBBIES_1_010,11548,2.97
CA_1,HOBBIES_1_010,11549,2.97
CA_1,HOBBIES_1_010,11550,2.97
CA_1,HOBBIES_1_010,11551,2.97
CA_1,HOBBIES_1_010,11552,2.97
CA_1,HOBBIES_1_010,11601,2.97
CA_1,HOBBIES_1_010,11602,2.97
CA_1,HOBBIES_1_010,11603,2.97
CA_1,HOBBIES_1_010,11604,2.97
CA_1,HOBBIES_1_010,11605,2.97
CA_1,HOBBIES_1_010,11606,2.97
CA_1,HOBBIES_1_010,11607,2.97
CA_1,HOBBIES_1_010,11608,2.97
CA_1,HOBBIES_1_010,11609,2.97
CA_1,HOBBIES_1_010,11610,2.97
CA_1,HOBBIES_1_010,11611,2.97
CA_1,HOBBIES_1_010,11612,2.97
CA_1,HOBBIES_1_010,11613,2.97
CA_1,HOBBIES_1_010,11614,2.97
CA_1,HOBBIES_1_010,11615,2.97
CA_1,HOBBIES_1_010,11616,2.97
CA_1,HOBBIES_1_010,11617,2.97
CA_1,HOBBIES_1_010,11618,2.97
CA_1,HOBBIES_1_010,11619,2.97
CA_1,HOBBIES_1_010,11620,2.97
CA_1,HOBBIES_1_010,11621,2.97
CA_1,HOBBIES_1_011,11213,3.48
CA_1,HOBBIES_1_011,11214,3.48
CA_1,HOBBIES_1_011,11215,3.48
CA_1,HOBBIES_1_011,11216,3.48
CA_1,HOBBIES_1_011,11217,3.48
CA_1,HOBBIES_1_011,11218,3.48
CA_1,HOBBIES_1_011,11219,3.48
CA_1,HOBBIES_1_011,11220,3.48
CA_1,HOBBIES_1_011,11221,3.48
CA_1,HOBBIES_1_011,11222,3.48
CA_1,HOBBIES_1_011,11223,3.48
CA_1,HOBBIES_1_011,11224,3.48
CA_1,HOBBIES_1_011,11225,3.48
CA_1,HOBBIES_1_011,11226,3.48
CA_1,HOBBIES_1_011,11227,3.48
CA_1,HOBBIES_1_011,11228,3.48
CA_1,HOBBIES_1_011,11229,3.48
CA_1,HOBBIES_1_011,11230,3.48
CA_1,HOBBIES_1_011,11231,3.48
CA_1,HOBBIES_1_011,11232,3.48
CA_1,HOBBIES_1_011,11233,3.48
CA_1,HOBBIES_1_011,11234,3.48
CA_1,HOBBIES_1_011,11235,3.48
CA_1,HOBBIES_1_011,11236,3.48
CA_1,HOBBIES_1_011,11237,3.48
CA_1,HOBBIES_1_011,11238,3.48
CA_1,HOBBIES_1_011,11239,3.48
CA_1,HOBBIES_1_011,11240,3.48
CA_1,HOBBIES_1_011,11241,3.48
CA_1,HOBBIES_1_011,11242,3.48
CA_1,HOBBIES_1_011,11243,3.48
CA_1,HOBBIES_1_011,11244,3.48
CA_1,HOBBIES_1_011,11245,3.48
CA_1,HOBBIES_1_011,11246,3.48
CA_1,HOBBIES_1_011,11247,3.48
CA_1,HOBBIES_1_011,11248,3.48
CA_1,HOBBIES_1_011,11249,3.48
CA_1,HOBBIES_1_011,11250,3.48
CA_1,HOBBIES_1_011,11251,3.48
CA_1,HOBBIES_1_011,11252,3.48
CA_1,HOBBIES_1_011,11301,3.48
CA_1,HOBBIES_1_011,11302,3.48
CA_1,HOBBIES_1_011,11303,3.48
CA_1,HOBBIES_1_011,11304,3.48
CA_1,HOBBIES_1_011,11305,3.48
CA_1,HOBBIES_1_011,11306,3.48
CA_1,HOBBIES_1_011,11307,3.48
CA_1,HOBBIES_1_011,11308,3.48
CA_1,HOBBIES_1_011,11309,3.48
CA_1,HOBBIES_1_011,11310,3.48
CA_1,HOBBIES_1_011,11311,3.48
CA_1,HOBBIES_1_011,11312,3.48
CA_1,HOBBIES_1_011,11313,3.48
CA_1,HOBBIES_1_011,11314,3.48
CA_1,HOBBIES_1_011,11315,3.48
CA_1,HOBBIES_1_011,11316,3.48
CA_1,HOBBIES_1_011,11317,3.48
CA_1,HOBBIES_1_011,11318,3.48
CA_1,HOBBIES_1_011,11319,3.48
CA_1,HOBBIES_1_011,11320,3.48
CA_1,HOBBIES_1_011,11321,3.48
CA_1,HOBBIES_1_011,11322,3.48
CA_1,HOBBIES_1_011,11323,3.48
CA_1,HOBBIES_1_011,11324,3.48
CA_1,HOBBIES_1_011,11325,3.48
CA_1,HOBBIES_1_011,11326,3.48
CA_1,HOBBIES_1_011,11327,3.48
CA_1,HOBBIES_1_011,11328,3.48
CA_1,HOBBIES_1_011,11329,3.48
CA_1,HOBBIES_1_011,11330,3.48
CA_1,HOBBIES_1_011,11331,3.48
CA_1,HOBBIES_1_011,11332,3.48
CA_1,HOBBIES_1_011,11333,3.48
CA_1,HOBBIES_1_011,11334,3.48
CA_1,HOBBIES_1_011,11335,3.48
CA_1,HOBBIES_1_011,11336,3.48
CA_1,HOBBIES_1_011,11337,3.48
CA_1,HOBBIES_1_011,11338,3.48
CA_1,HOBBIES_1_011,11339,3.48
CA_1,HOBBIES_1_011,11340,3.48
CA_1,HOBBIES_1_011,11341,3.48
CA_1,HOBBIES_1_011,11342,3.48
CA_1,HOBBIES_1_011,11343,3.48
CA_1,HOBBIES_1_011,11344,3.48
CA_1,HOBBIES_1_011,11345,3.48
CA_1,HOBBIES_1_011,11346,3.48
CA_1,HOBBIES_1_011,11347,3.48
CA_1,HOBBIES_1_011,11348,3.48
CA_1,HOBBIES_1_011,11349,3.48
CA_1,HOBBIES_1_011,11350,3.48
CA_1,HOBBIES_1_011,11351,3.48
CA_1,HOBBIES_1_011,11352,3.48
CA_1,HOBBIES_1_011,11353,3.48
CA_1,HOBBIES_1_011,11401,3.48
CA_1,HOBBIES_1_011,11402,3.48
CA_1,HOBBIES_1_011,11403,3.48
CA_1,HOBBIES_1_011,11404,3.48
CA_1,HOBBIES_1_011,11405,3.48
CA_1,HOBBIES_1_011,11406,3.48
CA_1,HOBBIES_1_011,11407,3.48
CA_1,HOBBIES_1_011,11408,3.48
CA_1,HOBBIES_1_011,11409,3.48
CA_1,HOBBIES_1_011,11410,3.48
CA_1,HOBBIES_1_011,11411,3.48
CA_1,HOBBIES_1_011,11412,3.48
CA_1,HOBBIES_1_011,11413,3.48
CA_1,HOBBIES_1_011,11414,3.48
CA_1,HOBBIES_1_011,11415,3.48
CA_1,HOBBIES_1_011,11416,3.48
CA_1,HOBBIES_1_011,11417,3.48
CA_1,HOBBIES_1_011,11418,3.48
CA_1,HOBBIES_1_011,11419,3.48
CA_1,HOBBIES_1_011,11420,3.48
CA_1,HOBBIES_1_011,11421,3.48
CA_1,HOBBIES_1_011,11422,3.48
CA_1,HOBBIES_1_011,11423,3.48
CA_1,HOBBIES_1_011,11424,3.48
CA_1,HOBBIES_1_011,11425,3.48
CA_1,HOBBIES_1_011,11426,3.48
CA_1,HOBBIES_1_011,11427,3.48
CA_1,HOBBIES_1_011,11428,3.48
CA_1,HOBBIES_1_011,11429,3.48
CA_1,HOBBIES_1_011,11430,3.48
CA_1,HOBBIES_1_011,11431,3.48
CA_1,HOBBIES_1_011,11432,3.48
CA_1,HOBBIES_1_011,11433,3.48
CA_1,HOBBIES_1_011,11434,3.48
CA_1,HOBBIES_1_011,11435,3.48
CA_1,HOBBIES_1_011,11436,3.48
CA_1,HOBBIES_1_011,11437,3.48
CA_1,HOBBIES_1_011,11438,3.48
CA_1,HOBBIES_1_011,11439,3.48
CA_1,HOBBIES_1_011,11440,3.48
CA_1,HOBBIES_1_011,11441,3.48
CA_1,HOBBIES_1_011,11442,3.48
CA_1,HOBBIES_1_011,11443,3.48
CA_1,HOBBIES_1_011,11444,3.48
CA_1,HOBBIES_1_011,11445,3.48
CA_1,HOBBIES_1_011,11446,3.48
CA_1,HOBBIES_1_011,11447,3.48
CA_1,HOBBIES_1_011,11448,3.48
CA_1,HOBBIES_1_011,11449,3.48
CA_1,HOBBIES_1_011,11450,3.48
CA_1,HOBBIES_1_011,11451,3.48
CA_1,HOBBIES_1_011,11452,3.48
CA_1,HOBBIES_1_011,11501,3.48
CA_1,HOBBIES_1_011,11502,3.48
CA_1,HOBBIES_1_011,11503,3.48
CA_1,HOBBIES_1_011,11504,3.48
CA_1,HOBBIES_1_011,11505,3.48
CA_1,HOBBIES_1_011,11506,3.48
CA_1,HOBBIES_1_011,11507,3.48
CA_1,HOBBIES_1_011,11508,3.48
CA_1,HOBBIES_1_011,11509,3.48
CA_1,HOBBIES_1_011,11510,3.48
CA_1,HOBBIES_1_011,11511,3.48
CA_1,HOBBIES_1_011,11512,3.48
CA_1,HOBBIES_1_011,11513,3.48
CA_1,HOBBIES_1_011,11514,3.48
CA_1,HOBBIES_1_011,11515,3.48
CA_1,HOBBIES_1_011,11516,3.48
CA_1,HOBBIES_1_011,11517,3.48
CA_1,HOBBIES_1_011,11518,3.48
CA_1,HOBBIES_1_011,11519,3.48
CA_1,HOBBIES_1_011,11520,3.48
CA_1,HOBBIES_1_011,11521,3.48
CA_1,HOBBIES_1_011,11522,3.48
CA_1,HOBBIES_1_011,11523,3.48
CA_1,HOBBIES_1_011,11524,3.48
CA_1,HOBBIES_1_011,11525,3.48
CA_1,HOBBIES_1_011,11526,3.48
CA_1,HOBBIES_1_011,11527,3.48
CA_1,HOBBIES_1_011,11528,3.48
CA_1,HOBBIES_1_011,11529,3.48
CA_1,HOBBIES_1_011,11530,3.48
CA_1,HOBBIES_1_011,11531,3.48
CA_1,HOBBIES_1_011,11532,3.48
CA_1,HOBBIES_1_011,11533,3.48
CA_1,HOBBIES_1_011,11534,3.48
CA_1,HOBBIES_1_011,11535,3.48
CA_1,HOBBIES_1_011,11536,3.48
CA_1,HOBBIES_1_011,11537,3.48
CA_1,HOBBIES_1_011,11538,3.48
CA_1,HOBBIES_1_011,11539,3.48
CA_1,HOBBIES_1_011,11540,3.48
CA_1,HOBBIES_1_011,11541,3.48
CA_1,HOBBIES_1_011,11542,3.48
CA_1,HOBBIES_1_011,11543,3.48
CA_1,HOBBIES_1_011,11544,3.48
CA_1,HOBBIES_1_011,11545,3.48
CA_1,HOBBIES_1_011,11546,3.48
CA_1,HOBBIES_1_011,11547,3.48
CA_1,HOBBIES_1_011,11548,3.48
CA_1,HOBBIES_1_011,11549,3.48
CA_1,HOBBIES_1_011,11550,3.48
CA_1,HOBBIES_1_011,11551,3.48
CA_1,HOBBIES_1_011,11552,3.48
CA_1,HOBBIES_1_011,11601,3.48
CA_1,HOBBIES_1_011,11602,3.48
CA_1,HOBBIES_1_011,11603,3.48
CA_1,HOBBIES_1_011,11604,3.48
CA_1,HOBBIES_1_011,11605,3.48
CA_1,HOBBIES_1_011,11606,3.48
CA_1,HOBBIES_1_011,11607,3.48
CA_1,HOBBIES_1_011,11608,3.48
CA_1,HOBBIES_1_011,11609,3.48
CA_1,HOBBIES_1_011,11610,3.48
CA_1,HOBBIES_1_011,11611,3.48
CA_1,HOBBIES_1_011,11612,3.48
CA_1,HOBBIES_1_011,11613,3.48
CA_1,HOBBIES_1_011,11614,3.48
CA_1,HOBBIES_1_011,11615,3.48
CA_1,HOBBIES_1_011,11616,3.48
CA_1,HOBBIES_1_011,11617,3.48
CA_1,HOBBIES_1_011,11618,3.48
CA_1,HOBBIES_1_011,11619,3.48
CA_1,HOBBIES_1_011,11620,3.48
CA_1,HOBBIES_1_011,11621,3.48
CA_1,HOBBIES_1_012,11101,5.98
CA_1,HOBBIES_1_012,11102,5.98
CA_1,HOBBIES_1_012,11103,5.98
CA_1,HOBBIES_1_012,11104,5.98
CA_1,HOBBIES_1_012,11105,5.98
CA_1,HOBBIES_1_012,11106,5.98
CA_1,HOBBIES_1_012,11107,6.27
CA_1,HOBBIES_1_012,11108,6.27
CA_1,HOBBIES_1_012,11109,6.27
CA_1,HOBBIES_1_012,11110,6.27
CA_1,HOBBIES_1_012,11111,6.27
CA_1,HOBBIES_1_012,11112,6.27
CA_1,HOBBIES_1_012,11113,6.27
CA_1,HOBBIES_1_012,11114,6.27
CA_1,HOBBIES_1_012,11115,6.27
CA_1,HOBBIES_1_012,11116,6.27
CA_1,HOBBIES_1_012,11117,6.27
CA_1,HOBBIES_1_012,11118,6.27
CA_1,HOBBIES_1_012,11119,6.27
CA_1,HOBBIES_1_012,11120,6.27
CA_1,HOBBIES_1_012,11121,6.27
CA_1,HOBBIES_1_012,11122,6.27
CA_1,HOBBIES_1_012,11123,6.27
CA_1,HOBBIES_1_012,11124,6.27
CA_1,HOBBIES_1_012,11125,6.27
CA_1,HOBBIES_1_012,11126,6.27
CA_1,HOBBIES_1_012,11127,6.27
CA_1,HOBBIES_1_012,11128,6.27
CA_1,HOBBIES_1_012,11129,6.27
CA_1,HOBBIES_1_012,11130,6.27
CA_1,HOBBIES_1_012,11131,6.27
CA_1,HOBBIES_1_012,11132,6.27
CA_1,HOBBIES_1_012,11133,6.27
CA_1,HOBBIES_1_012,11134,6.27
CA_1,HOBBIES_1_012,11135,6.27
CA_1,HOBBIES_1_012,11136,6.27
CA_1,HOBBIES_1_012,11137,6.27
CA_1,HOBBIES_1_012,11138,6.27
CA_1,HOBBIES_1_012,11139,6.27
CA_1,HOBBIES_1_012,11140,6.27
CA_1,HOBBIES_1_012,11141,6.27
CA_1,HOBBIES_1_012,11142,6.27
CA_1,HOBBIES_1_012,11143,6.27
CA_1,HOBBIES_1_012,11144,6.27
CA_1,HOBBIES_1_012,11145,6.27
CA_1,HOBBIES_1_012,11146,6.27
CA_1,HOBBIES_1_012,11147,6.27
CA_1,HOBBIES_1_012,11148,6.27
CA_1,HOBBIES_1_012,11149,6.27
CA_1,HOBBIES_1_012,11150,6.27
CA_1,HOBBIES_1_012,11151,6.52
CA_1,HOBBIES_1_012,11152,6.52
CA_1,HOBBIES_1_012,11201,6.52
CA_1,HOBBIES_1_012,11202,6.52
CA_1,HOBBIES_1_012,11203,6.52
CA_1,HOBBIES_1_012,11204,6.52
CA_1,HOBBIES_1_012,11205,6.52
CA_1,HOBBIES_1_012,11206,6.52
CA_1,HOBBIES_1_012,11207,6.52
CA_1,HOBBIES_1_012,11208,6.52
CA_1,HOBBIES_1_012,11209,6.52
CA_1,HOBBIES_1_012,11210,6.52
CA_1,HOBBIES_1_012,11211,6.52
CA_1,HOBBIES_1_012,11212,6.52
CA_1,HOBBIES_1_012,11213,6.52
CA_1,HOBBIES_1_012,11214,6.52
CA_1,HOBBIES_1_012,11215,6.52
CA_1,HOBBIES_1_012,11216,6.52
CA_1,HOBBIES_1_012,11217,6.52
CA_1,HOBBIES_1_012,11218,6.52
CA_1,HOBBIES_1_012,11219,6.52
CA_1,HOBBIES_1_012,11220,6.52
CA_1,HOBBIES_1_012,11221,6.52
CA_1,HOBBIES_1_012,11222,6.52
CA_1,HOBBIES_1_012,11223,6.52
CA_1,HOBBIES_1_012,11224,6.52
CA_1,HOBBIES_1_012,11225,6.52
CA_1,HOBBIES_1_012,11226,6.52
CA_1,HOBBIES_1_012,11227,6.52
CA_1,HOBBIES_1_012,11228,6.52
CA_1,HOBBIES_1_012,11229,6.52
CA_1,HOBBIES_1_012,11230,6.52
CA_1,HOBBIES_1_012,11231,6.52
CA_1,HOBBIES_1_012,11232,6.52
CA_1,HOBBIES_1_012,11233,6.52
CA_1,HOBBIES_1_012,11234,6.52
CA_1,HOBBIES_1_012,11235,6.52
CA_1,HOBBIES_1_012,11236,6.52
CA_1,HOBBIES_1_012,11237,6.52
CA_1,HOBBIES_1_012,11238,6.52
CA_1,HOBBIES_1_012,11239,6.52
CA_1,HOBBIES_1_012,11240,6.52
CA_1,HOBBIES_1_012,11241,6.52
CA_1,HOBBIES_1_012,11242,6.52
CA_1,HOBBIES_1_012,11243,6.52
CA_1,HOBBIES_1_012,11244,6.52
CA_1,HOBBIES_1_012,11245,6.52
CA_1,HOBBIES_1_012,11246,6.52
CA_1,HOBBIES_1_012,11247,6.52
CA_1,HOBBIES_1_012,11248,6.52
CA_1,HOBBIES_1_012,11249,6.52
CA_1,HOBBIES_1_012,11250,6.52
CA_1,HOBBIES_1_012,11251,6.52
CA_1,HOBBIES_1_012,11252,6.52
CA_1,HOBBIES_1_012,11301,6.52
CA_1,HOBBIES_1_012,11302,6.52
CA_1,HOBBIES_1_012,11303,6.52
CA_1,HOBBIES_1_012,11304,6.52
CA_1,HOBBIES_1_012,11305,6.52
CA_1,HOBBIES_1_012,11306,6.52
CA_1,HOBBIES_1_012,11307,6.52
CA_1,HOBBIES_1_012,11308,6.52
CA_1,HOBBIES_1_012,11309,6.52
CA_1,HOBBIES_1_012,11310,6.52
CA_1,HOBBIES_1_012,11311,6.52
CA_1,HOBBIES_1_012,11312,6.52
CA_1,HOBBIES_1_012,11313,6.52
CA_1,HOBBIES_1_012,11314,6.52
CA_1,HOBBIES_1_012,11315,6.52
CA_1,HOBBIES_1_012,11316,6.52
CA_1,HOBBIES_1_012,11317,6.52
CA_1,HOBBIES_1_012,11318,6.52
CA_1,HOBBIES_1_012,11319,6.52
CA_1,HOBBIES_1_012,11320,6.52
CA_1,HOBBIES_1_012,11321,6.52
CA_1,HOBBIES_1_012,11322,6.52
CA_1,HOBBIES_1_012,11323,6.52
CA_1,HOBBIES_1_012,11324,6.52
CA_1,HOBBIES_1_012,11325,6.52
CA_1,HOBBIES_1_012,11326,6.52
CA_1,HOBBIES_1_012,11327,6.52
CA_1,HOBBIES_1_012,11328,6.52
CA_1,HOBBIES_1_012,11329,6.52
CA_1,HOBBIES_1_012,11330,6.52
CA_1,HOBBIES_1_012,11331,6.52
CA_1,HOBBIES_1_012,11332,6.52
CA_1,HOBBIES_1_012,11333,6.52
CA_1,HOBBIES_1_012,11334,6.52
CA_1,HOBBIES_1_012,11335,6.52
CA_1,HOBBIES_1_012,11336,6.52
CA_1,HOBBIES_1_012,11337,6.52
CA_1,HOBBIES_1_012,11338,6.52
CA_1,HOBBIES_1_012,11339,6.52
CA_1,HOBBIES_1_012,11340,6.52
CA_1,HOBBIES_1_012,11341,6.52
CA_1,HOBBIES_1_012,11342,6.52
CA_1,HOBBIES_1_012,11343,6.52
CA_1,HOBBIES_1_012,11344,6.52
CA_1,HOBBIES_1_012,11345,6.52
CA_1,HOBBIES_1_012,11346,6.52
CA_1,HOBBIES_1_012,11347,6.52
CA_1,HOBBIES_1_012,11348,6.52
CA_1,HOBBIES_1_012,11349,6.52
CA_1,HOBBIES_1_012,11350,6.52
CA_1,HOBBIES_1_012,11351,6.52
CA_1,HOBBIES_1_012,11352,6.52
CA_1,HOBBIES_1_012,11353,6.52
CA_1,HOBBIES_1_012,11401,6.52
CA_1,HOBBIES_1_012,11402,6.52
CA_1,HOBBIES_1_012,11403,6.52
CA_1,HOBBIES_1_012,11404,6.52
CA_1,HOBBIES_1_012,11405,6.52
CA_1,HOBBIES_1_012,11406,6.52
CA_1,HOBBIES_1_012,11407,6.52
CA_1,HOBBIES_1_012,11408,6.52
CA_1,HOBBIES_1_012,11409,6.52
CA_1,HOBBIES_1_012,11410,6.52
CA_1,HOBBIES_1_012,11411,6.52
CA_1,HOBBIES_1_012,11412,6.52
CA_1,HOBBIES_1_012,11413,6.52
CA_1,HOBBIES_1_012,11414,6.52
CA_1,HOBBIES_1_012,11415,6.52
CA_1,HOBBIES_1_012,11416,6.52
CA_1,HOBBIES_1_012,11417,6.52
CA_1,HOBBIES_1_012,11418,6.52
CA_1,HOBBIES_1_012,11419,6.52
CA_1,HOBBIES_1_012,11420,6.52
CA_1,HOBBIES_1_012,11421,6.52
CA_1,HOBBIES_1_012,11422,6.52
CA_1,HOBBIES_1_012,11423,6.52
CA_1,HOBBIES_1_012,11424,6.52
CA_1,HOBBIES_1_012,11425,6.52
CA_1,HOBBIES_1_012,11426,6.52
CA_1,HOBBIES_1_012,11427,6.52
CA_1,HOBBIES_1_012,11428,6.52
CA_1,HOBBIES_1_012,11429,6.52
CA_1,HOBBIES_1_012,11430,6.52
CA_1,HOBBIES_1_012,11431,6.52
CA_1,HOBBIES_1_012,11432,6.52
CA_1,HOBBIES_1_012,11433,6.52
CA_1,HOBBIES_1_012,11434,6.52
CA_1,HOBBIES_1_012,11435,6.52
CA_1,HOBBIES_1_012,11436,6.52
CA_1,HOBBIES_1_012,11437,6.52
CA_1,HOBBIES_1_012,11438,6.52
CA_1,HOBBIES_1_012,11439,6.52
CA_1,HOBBIES_1_012,11440,6.52
CA_1,HOBBIES_1_012,11441,6.52
CA_1,HOBBIES_1_012,11442,6.52
CA_1,HOBBIES_1_012,11443,6.52
CA_1,HOBBIES_1_012,11444,6.52
CA_1,HOBBIES_1_012,11445,6.52
CA_1,HOBBIES_1_012,11446,6.52
CA_1,HOBBIES_1_012,11447,6.52
CA_1,HOBBIES_1_012,11448,6.52
CA_1,HOBBIES_1_012,11449,6.52
CA_1,HOBBIES_1_012,11450,6.52
CA_1,HOBBIES_1_012,11451,6.52
CA_1,HOBBIES_1_012,11452,6.52
CA_1,HOBBIES_1_012,11501,6.52
CA_1,HOBBIES_1_012,11502,6.52
CA_1,HOBBIES_1_012,11503,6.52
CA_1,HOBBIES_1_012,11504,6.52
CA_1,HOBBIES_1_012,11505,6.52
CA_1,HOBBIES_1_012,11506,6.52
CA_1,HOBBIES_1_012,11507,6.52
CA_1,HOBBIES_1_012,11508,6.52
CA_1,HOBBIES_1_012,11509,6.52
CA_1,HOBBIES_1_012,11510,6.52
CA_1,HOBBIES_1_012,11511,6.52
CA_1,HOBBIES_1_012,11512,6.52
CA_1,HOBBIES_1_012,11513,6.52
CA_1,HOBBIES_1_012,11514,6.52
CA_1,HOBBIES_1_012,11515,6.52
CA_1,HOBBIES_1_012,11516,6.52
CA_1,HOBBIES_1_012,11517,6.52
CA_1,HOBBIES_1_012,11518,6.52
CA_1,HOBBIES_1_012,11519,6.52
CA_1,HOBBIES_1_012,11520,6.52
CA_1,HOBBIES_1_012,11521,6.52
CA_1,HOBBIES_1_012,11522,6.52
CA_1,HOBBIES_1_012,11523,6.52
CA_1,HOBBIES_1_012,11524,6.52
CA_1,HOBBIES_1_012,11525,6.52
CA_1,HOBBIES_1_012,11526,6.52
CA_1,HOBBIES_1_012,11527,6.52
CA_1,HOBBIES_1_012,11528,6.52
CA_1,HOBBIES_1_012,11529,6.52
CA_1,HOBBIES_1_012,11530,6.52
CA_1,HOBBIES_1_012,11531,6.52
CA_1,HOBBIES_1_012,11532,6.52
CA_1,HOBBIES_1_012,11533,6.52
CA_1,HOBBIES_1_012,11534,6.52
CA_1,HOBBIES_1_012,11535,6.52
CA_1,HOBBIES_1_012,11536,6.52
CA_1,HOBBIES_1_012,11537,6.52
CA_1,HOBBIES_1_012,11538,6.52
CA_1,HOBBIES_1_012,11539,6.52
CA_1,HOBBIES_1_012,11540,6.52
CA_1,HOBBIES_1_012,11541,6.52
CA_1,HOBBIES_1_012,11542,6.52
CA_1,HOBBIES_1_012,11543,6.52
CA_1,HOBBIES_1_012,11544,6.52
CA_1,HOBBIES_1_012,11545,6.52
CA_1,HOBBIES_1_012,11546,6.52
CA_1,HOBBIES_1_012,11547,6.52
CA_1,HOBBIES_1_012,11548,6.52
CA_1,HOBBIES_1_012,11549,6.52
CA_1,HOBBIES_1_012,11550,6.52
CA_1,HOBBIES_1_012,11551,6.52
CA_1,HOBBIES_1_012,11552,6.52
CA_1,HOBBIES_1_012,11601,6.52
CA_1,HOBBIES_1_012,11602,6.52
CA_1,HOBBIES_1_012,11603,6.52
CA_1,HOBBIES_1_012,11604,6.52
CA_1,HOBBIES_1_012,11605,6.52
CA_1,HOBBIES_1_012,11606,6.52
CA_1,HOBBIES_1_012,11607,6.52
CA_1,HOBBIES_1_012,11608,6.52
CA_1,HOBBIES_1_012,11609,6.52
CA_1,HOBBIES_1_012,11610,6.52
CA_1,HOBBIES_1_012,11611,6.52
CA_1,HOBBIES_1_012,11612,6.52
CA_1,HOBBIES_1_012,11613,6.52
CA_1,HOBBIES_1_012,11614,6.52
CA_1,HOBBIES_1_012,11615,6.52
CA_1,HOBBIES_1_012,11616,6.52
CA_1,HOBBIES_1_012,11617,6.52
CA_1,HOBBIES_1_012,11618,6.52
CA_1,HOBBIES_1_012,11619,6.52
CA_1,HOBBIES_1_012,11620,6.52
CA_1,HOBBIES_1_012,11621,6.52
CA_1,HOBBIES_1_013,11216,1.97
CA_1,HOBBIES_1_013,11217,1.97
CA_1,HOBBIES_1_013,11218,1.97
CA_1,HOBBIES_1_013,11219,1.97
CA_1,HOBBIES_1_013,11220,1.97
CA_1,HOBBIES_1_013,11221,1.97
CA_1,HOBBIES_1_013,11222,1.97
CA_1,HOBBIES_1_013,11223,1.97
CA_1,HOBBIES_1_013,11224,1.97
CA_1,HOBBIES_1_013,11225,1.97
CA_1,HOBBIES_1_013,11226,1.97
CA_1,HOBBIES_1_013,11227,1.97
CA_1,HOBBIES_1_013,11228,1.97
CA_1,HOBBIES_1_013,11229,1.97
CA_1,HOBBIES_1_013,11230,1.97
CA_1,HOBBIES_1_013,11231,1.97
CA_1,HOBBIES_1_013,11232,1.97
CA_1,HOBBIES_1_013,11233,1.97
CA_1,HOBBIES_1_013,11234,1.97
CA_1,HOBBIES_1_013,11235,1.97
CA_1,HOBBIES_1_013,11236,1.97
CA_1,HOBBIES_1_013,11237,1.97
CA_1,HOBBIES_1_013,11238,1.97
CA_1,HOBBIES_1_013,11239,1.97
CA_1,HOBBIES_1_013,11240,1.97
CA_1,HOBBIES_1_013,11241,1.97
CA_1,HOBBIES_1_013,11242,1.97
CA_1,HOBBIES_1_013,11243,1.97
CA_1,HOBBIES_1_013,11244,1.97
CA_1,HOBBIES_1_013,11245,1.97
CA_1,HOBBIES_1_013,11246,1.97
CA_1,HOBBIES_1_013,11247,1.97
CA_1,HOBBIES_1_013,11248,1.97
CA_1,HOBBIES_1_013,11249,1.97
CA_1,HOBBIES_1_013,11250,1.97
CA_1,HOBBIES_1_013,11251,1.97
CA_1,HOBBIES_1_013,11252,1.97
CA_1,HOBBIES_1_013,11301,1.97
CA_1,HOBBIES_1_013,11302,1.97
CA_1,HOBBIES_1_013,11303,1.97
CA_1,HOBBIES_1_013,11304,1.97
CA_1,HOBBIES_1_013,11305,1.97
CA_1,HOBBIES_1_013,11306,1.97
CA_1,HOBBIES_1_013,11307,1.97
CA_1,HOBBIES_1_013,11308,1.97
CA_1,HOBBIES_1_013,11309,1.97
CA_1,HOBBIES_1_013,11310,1.97
CA_1,HOBBIES_1_013,11311,1.97
CA_1,HOBBIES_1_013,11312,1.97
CA_1,HOBBIES_1_013,11313,1.97
CA_1,HOBBIES_1_013,11314,1.97
CA_1,HOBBIES_1_013,11315,1.97
CA_1,HOBBIES_1_013,11316,1.97
CA_1,HOBBIES_1_013,11317,1.97
CA_1,HOBBIES_1_013,11318,1.97
CA_1,HOBBIES_1_013,11319,1.97
CA_1,HOBBIES_1_013,11320,1.97
CA_1,HOBBIES_1_013,11321,1.97
CA_1,HOBBIES_1_013,11322,1.97
CA_1,HOBBIES_1_013,11323,1.97
CA_1,HOBBIES_1_013,11324,1.97
CA_1,HOBBIES_1_013,11325,1.97
CA_1,HOBBIES_1_013,11326,1.97
CA_1,HOBBIES_1_013,11327,1.97
CA_1,HOBBIES_1_013,11328,1.97
CA_1,HOBBIES_1_013,11329,1.97
CA_1,HOBBIES_1_013,11330,1.97
CA_1,HOBBIES_1_013,11331,1.97
CA_1,HOBBIES_1_013,11332,1.97
CA_1,HOBBIES_1_013,11333,1.97
CA_1,HOBBIES_1_013,11334,1.97
CA_1,HOBBIES_1_013,11335,1.97
CA_1,HOBBIES_1_013,11336,1.97
CA_1,HOBBIES_1_013,11337,1.97
CA_1,HOBBIES_1_013,11338,1.97
CA_1,HOBBIES_1_013,11339,1.97
CA_1,HOBBIES_1_013,11340,1.97
CA_1,HOBBIES_1_013,11341,1.97
CA_1,HOBBIES_1_013,11342,1.97
CA_1,HOBBIES_1_013,11343,1.97
CA_1,HOBBIES_1_013,11344,1.97
CA_1,HOBBIES_1_013,11345,1.97
CA_1,HOBBIES_1_013,11346,1.97
CA_1,HOBBIES_1_013,11347,1.97
CA_1,HOBBIES_1_013,11348,1.97
CA_1,HOBBIES_1_013,11349,1.97
CA_1,HOBBIES_1_013,11350,1.97
CA_1,HOBBIES_1_013,11351,1.97
CA_1,HOBBIES_1_013,11352,1.97
CA_1,HOBBIES_1_013,11353,1.97
CA_1,HOBBIES_1_013,11401,1.97
CA_1,HOBBIES_1_013,11402,1.97
CA_1,HOBBIES_1_013,11403,1.97
CA_1,HOBBIES_1_013,11404,1.97
CA_1,HOBBIES_1_013,11405,1.97
CA_1,HOBBIES_1_013,11406,1.97
CA_1,HOBBIES_1_013,11407,1.97
CA_1,HOBBIES_1_013,11408,1.97
CA_1,HOBBIES_1_013,11409,1.97
CA_1,HOBBIES_1_013,11410,1.97
CA_1,HOBBIES_1_013,11411,1.97
CA_1,HOBBIES_1_013,11412,1.97
CA_1,HOBBIES_1_013,11413,1.97
CA_1,HOBBIES_1_013,11414,1.97
CA_1,HOBBIES_1_013,11415,1.97
CA_1,HOBBIES_1_013,11416,1.97
CA_1,HOBBIES_1_013,11417,1.97
CA_1,HOBBIES_1_013,11418,1.97
CA_1,HOBBIES_1_013,11419,1.97
CA_1,HOBBIES_1_013,11420,1.97
CA_1,HOBBIES_1_013,11421,1.97
CA_1,HOBBIES_1_013,11422,1.97
CA_1,HOBBIES_1_013,11423,1.97
CA_1,HOBBIES_1_013,11424,1.97
CA_1,HOBBIES_1_013,11425,1.97
CA_1,HOBBIES_1_013,11426,1.97
CA_1,HOBBIES_1_013,11427,1.97
CA_1,HOBBIES_1_013,11428,1.97
CA_1,HOBBIES_1_013,11429,1.97
CA_1,HOBBIES_1_013,11430,1.97
CA_1,HOBBIES_1_013,11431,1.97
CA_1,HOBBIES_1_013,11432,1.97
CA_1,HOBBIES_1_013,11433,1.97
CA_1,HOBBIES_1_013,11434,1.97
CA_1,HOBBIES_1_013,11435,1.97
CA_1,HOBBIES_1_013,11436,1.97
CA_1,HOBBIES_1_013,11437,1.97
CA_1,HOBBIES_1_013,11438,1.97
CA_1,HOBBIES_1_013,11439,1.97
CA_1,HOBBIES_1_013,11440,1.97
CA_1,HOBBIES_1_013,11441,1.97
CA_1,HOBBIES_1_013,11442,1.97
CA_1,HOBBIES_1_013,11443,1.97
CA_1,HOBBIES_1_013,11444,1.97
CA_1,HOBBIES_1_013,11445,1.97
CA_1,HOBBIES_1_013,11446,1.97
CA_1,HOBBIES_1_013,11447,1.97
CA_1,HOBBIES_1_013,11448,1.97
CA_1,HOBBIES_1_013,11449,1.97
CA_1,HOBBIES_1_013,11450,1.97
CA_1,HOBBIES_1_013,11451,1.97
CA_1,HOBBIES_1_013,11452,1.97
CA_1,HOBBIES_1_013,11501,1.97
CA_1,HOBBIES_1_013,11502,1.97
CA_1,HOBBIES_1_013,11503,1.97
CA_1,HOBBIES_1_013,11504,1.97
CA_1,HOBBIES_1_013,11505,1.97
CA_1,HOBBIES_1_013,11506,1.97
CA_1,HOBBIES_1_013,11507,1.97
CA_1,HOBBIES_1_013,11508,1.97
CA_1,HOBBIES_1_013,11509,1.97
CA_1,HOBBIES_1_013,11510,1.97
CA_1,HOBBIES_1_013,11511,1.97
CA_1,HOBBIES_1_013,11512,1.97
CA_1,HOBBIES_1_013,11513,1.97
CA_1,HOBBIES_1_013,11514,1.97
CA_1,HOBBIES_1_013,11515,1.97
CA_1,HOBBIES_1_013,11516,1.97
CA_1,HOBBIES_1_013,11517,1.97
CA_1,HOBBIES_1_013,11518,1.97
CA_1,HOBBIES_1_013,11519,1.97
CA_1,HOBBIES_1_013,11520,1.97
CA_1,HOBBIES_1_013,11521,1.97
CA_1,HOBBIES_1_013,11522,1.97
CA_1,HOBBIES_1_013,11523,1.97
CA_1,HOBBIES_1_013,11524,1.97
CA_1,HOBBIES_1_013,11525,1.97
CA_1,HOBBIES_1_013,11526,1.97
CA_1,HOBBIES_1_013,11527,1.97
CA_1,HOBBIES_1_013,11528,1.97
CA_1,HOBBIES_1_013,11529,1.97
CA_1,HOBBIES_1_013,11530,1.97
CA_1,HOBBIES_1_013,11531,1.97
CA_1,HOBBIES_1_013,11532,1.97
CA_1,HOBBIES_1_013,11533,1.97
CA_1,HOBBIES_1_013,11534,1.97
CA_1,HOBBIES_1_013,11535,1.97
CA_1,HOBBIES_1_013,11536,1.97
CA_1,HOBBIES_1_013,11537,1.97
CA_1,HOBBIES_1_013,11538,1.97
CA_1,HOBBIES_1_013,11539,1.97
CA_1,HOBBIES_1_013,11540,1.97
CA_1,HOBBIES_1_013,11541,1.97
CA_1,HOBBIES_1_013,11542,1.97
CA_1,HOBBIES_1_013,11543,1.97
CA_1,HOBBIES_1_013,11544,1.97
CA_1,HOBBIES_1_013,11545,1.97
CA_1,HOBBIES_1_013,11546,1.97
CA_1,HOBBIES_1_013,11547,1.97
CA_1,HOBBIES_1_013,11548,1.97
CA_1,HOBBIES_1_013,11549,1.97
CA_1,HOBBIES_1_013,11550,1.97
CA_1,HOBBIES_1_013,11551,1.97
CA_1,HOBBIES_1_013,11552,1.97
CA_1,HOBBIES_1_013,11601,1.97
CA_1,HOBBIES_1_013,11602,1.97
CA_1,HOBBIES_1_013,11603,1.97
CA_1,HOBBIES_1_013,11604,1.97
CA_1,HOBBIES_1_013,11605,1.97
CA_1,HOBBIES_1_013,11606,1.97
CA_1,HOBBIES_1_013,11607,1.97
CA_1,HOBBIES_1_013,11608,1.97
CA_1,HOBBIES_1_013,11609,1.97
CA_1,HOBBIES_1_013,11610,1.97
CA_1,HOBBIES_1_013,11611,1.97
CA_1,HOBBIES_1_013,11612,1.97
CA_1,HOBBIES_1_013,11613,1.97
CA_1,HOBBIES_1_013,11614,1.97
CA_1,HOBBIES_1_013,11615,1.97
CA_1,HOBBIES_1_013,11616,1.97
CA_1,HOBBIES_1_013,11617,1.97
CA_1,HOBBIES_1_013,11618,1.97
CA_1,HOBBIES_1_013,11619,1.97
CA_1,HOBBIES_1_013,11620,1.97
CA_1,HOBBIES_1_013,11621,1.97
CA_1,HOBBIES_1_014,11138,0.98
CA_1,HOBBIES_1_014,11139,0.98
CA_1,HOBBIES_1_014,11140,0.98
CA_1,HOBBIES_1_014,11141,0.98
CA_1,HOBBIES_1_014,11142,0.98
